# s_m; t_s; v_mps; beta_rad; omega_z_radps; n_m; xi_rad
0.0; 0.000; 30.11; -0.00288; 0.00457; -0.37387; 0.01312
3.0; 0.101; 29.67; -0.03723; -0.09142; -0.38588; 0.02060
6.0; 0.203; 29.25; -0.00277; -0.09330; -0.35794; 0.02003
9.0; 0.314; 25.92; -0.00421; -0.08234; -0.32915; 0.02067
12.0; 0.441; 22.70; -0.00674; -0.08899; -0.30554; 0.02039
15.0; 0.586; 20.24; -0.00799; -0.09698; -0.29167; 0.01788
18.0; 0.744; 17.76; -0.00979; -0.09638; -0.28732; 0.01420
21.0; 0.915; 16.21; -0.01016; -0.09209; -0.29228; 0.00966
24.0; 1.091; 15.96; -0.00970; -0.08454; -0.30320; 0.00535
27.0; 1.259; 19.73; -0.00744; -0.08071; -0.31410; 0.00305
30.0; 1.394; 26.05; -0.00526; -0.07663; -0.32049; 0.00271
33.0; 1.501; 30.46; -0.00374; -0.06848; -0.32245; 0.00268
36.0; 1.599; 31.32; -0.00266; -0.05174; -0.32038; 0.00243
39.0; 1.695; 31.14; -0.00200; -0.03284; -0.31529; 0.00220
42.0; 1.792; 30.79; -0.00162; -0.01880; -0.30822; 0.00210
45.0; 1.890; 30.45; -0.00163; -0.01059; -0.30039; 0.00197
48.0; 1.990; 30.15; 0.00154; -0.00738; -0.29413; 0.00165
51.0; 2.090; 29.87; 0.00378; -0.00602; -0.29061; 0.00101
54.0; 2.191; 30.06; 0.01553; -0.00443; -0.26758; -0.00036
57.0; 2.291; 30.07; 0.00998; -0.00462; -0.27935; -0.00221
60.0; 2.392; 30.13; 0.00524; -0.00401; -0.29314; -0.00340
63.0; 2.492; 30.18; 0.00391; -0.00249; -0.31059; -0.00413
66.0; 2.592; 30.21; 0.00323; -0.00054; -0.33037; -0.00425
69.0; 2.692; 30.19; 0.00281; 0.00131; -0.35022; -0.00360
72.0; 2.792; 30.12; 0.00265; 0.00243; -0.36712; -0.00217
75.0; 2.892; 29.99; 0.00253; 0.00070; -0.37827; -0.00024
78.0; 2.993; 29.77; 0.00232; -0.00593; -0.38258; 0.00151
81.0; 3.095; 29.47; 0.00310; -0.01242; -0.38096; 0.00246
84.0; 3.198; 29.16; 0.01349; 0.01880; -0.37297; 0.00394
87.0; 3.301; 29.47; 0.01027; 0.00592; -0.36439; 0.00550
90.0; 3.404; 29.80; 0.00527; 0.00164; -0.34431; 0.00638
93.0; 3.505; 30.03; 0.00417; -0.00079; -0.32172; 0.00678
96.0; 3.606; 30.18; 0.00373; -0.00302; -0.29825; 0.00688
99.0; 3.706; 30.27; 0.00351; -0.00489; -0.27460; 0.00680
102.0; 3.806; 30.33; 0.00336; -0.00662; -0.25115; 0.00659
105.0; 3.905; 30.36; 0.00324; -0.00824; -0.22821; 0.00630
108.0; 4.005; 30.38; 0.00314; -0.00978; -0.20597; 0.00595
111.0; 4.104; 30.38; 0.00306; -0.01130; -0.18454; 0.00553
114.0; 4.203; 30.39; 0.00297; -0.01285; -0.16403; 0.00504
117.0; 4.303; 30.39; 0.00288; -0.01448; -0.14468; 0.00440
120.0; 4.402; 30.39; 0.00279; -0.01622; -0.12708; 0.00356
123.0; 4.502; 30.38; 0.00270; -0.01809; -0.11219; 0.00246
126.0; 4.601; 30.38; 0.00260; -0.02002; -0.10132; 0.00112
129.0; 4.701; 30.38; 0.00251; -0.02189; -0.09553; -0.00036
132.0; 4.800; 30.38; 0.00242; -0.02364; -0.09548; -0.00182
135.0; 4.899; 30.38; 0.00235; -0.02517; -0.10091; -0.00309
138.0; 4.999; 30.37; 0.00229; -0.02648; -0.11089; -0.00407
141.0; 5.098; 30.37; 0.00223; -0.02761; -0.12411; -0.00471
144.0; 5.198; 30.37; 0.00219; -0.02857; -0.13928; -0.00505
147.0; 5.297; 30.37; 0.00215; -0.02934; -0.15551; -0.00517
150.0; 5.397; 30.37; 0.00213; -0.02985; -0.17241; -0.00519
153.0; 5.496; 30.38; 0.00212; -0.03006; -0.18993; -0.00512
156.0; 5.596; 30.38; 0.00212; -0.02996; -0.20772; -0.00491
159.0; 5.695; 30.38; 0.00214; -0.02962; -0.22504; -0.00450
162.0; 5.794; 30.38; 0.00216; -0.02913; -0.24091; -0.00389
165.0; 5.894; 30.38; 0.00219; -0.02861; -0.25447; -0.00311
168.0; 5.993; 30.38; 0.00221; -0.02811; -0.26511; -0.00223
171.0; 6.093; 30.38; 0.00223; -0.02768; -0.27249; -0.00130
174.0; 6.192; 30.38; 0.00225; -0.02735; -0.27639; -0.00036
177.0; 6.291; 30.38; 0.00226; -0.02717; -0.27682; 0.00049
180.0; 6.391; 30.38; 0.00226; -0.02717; -0.27405; 0.00118
183.0; 6.490; 30.38; 0.00226; -0.02732; -0.26890; 0.00162
186.0; 6.590; 30.38; 0.00225; -0.02753; -0.26254; 0.00181
189.0; 6.689; 30.38; 0.00224; -0.02767; -0.25616; 0.00182
192.0; 6.788; 30.37; 0.00224; -0.02765; -0.25044; 0.00177
195.0; 6.888; 30.37; 0.00225; -0.02743; -0.24550; 0.00182
198.0; 6.987; 30.37; 0.00227; -0.02700; -0.24077; 0.00213
201.0; 7.087; 30.37; 0.00230; -0.02640; -0.23489; 0.00280
204.0; 7.186; 30.37; 0.00233; -0.02577; -0.22602; 0.00385
207.0; 7.286; 30.37; 0.00236; -0.02528; -0.21232; 0.00518
210.0; 7.385; 30.37; 0.00237; -0.02509; -0.19243; 0.00654
213.0; 7.485; 30.37; 0.00235; -0.02537; -0.16618; 0.00759
216.0; 7.584; 30.37; 0.00232; -0.02615; -0.13514; 0.00798
219.0; 7.683; 30.37; 0.00227; -0.02732; -0.10263; 0.00739
222.0; 7.783; 30.37; 0.00221; -0.02859; -0.07343; 0.00571
225.0; 7.882; 30.36; 0.00216; -0.02960; -0.05258; 0.00312
228.0; 7.982; 30.36; 0.00215; -0.03000; -0.04391; 0.00005
231.0; 8.081; 30.36; 0.00217; -0.02961; -0.04877; -0.00290
234.0; 8.181; 30.36; 0.00223; -0.02837; -0.06565; -0.00524
237.0; 8.281; 30.36; 0.00232; -0.02651; -0.09106; -0.00671
240.0; 8.380; 30.36; 0.00244; -0.02426; -0.12078; -0.00738
243.0; 8.480; 30.36; 0.00256; -0.02186; -0.15145; -0.00746
246.0; 8.579; 30.36; 0.00269; -0.01941; -0.18132; -0.00721
249.0; 8.679; 30.36; 0.00281; -0.01700; -0.20979; -0.00677
252.0; 8.778; 30.35; 0.00293; -0.01486; -0.23679; -0.00622
255.0; 8.878; 30.35; 0.00305; -0.01281; -0.26211; -0.00551
258.0; 8.977; 30.35; 0.00316; -0.01089; -0.28506; -0.00460
261.0; 9.077; 30.35; 0.00329; -0.00909; -0.30472; -0.00353
264.0; 9.176; 30.35; 0.00343; -0.00739; -0.32031; -0.00236
267.0; 9.276; 30.36; 0.00359; -0.00575; -0.33139; -0.00120
270.0; 9.375; 30.37; 0.00380; -0.00412; -0.33800; -0.00015
273.0; 9.475; 30.41; 0.00410; -0.00243; -0.34057; 0.00069
276.0; 9.574; 30.46; 0.00459; -0.00053; -0.33991; 0.00122
279.0; 9.673; 30.56; 0.00549; 0.00233; -0.33724; 0.00140
282.0; 9.772; 30.75; 0.00757; 0.01969; -0.33289; 0.00179
285.0; 9.870; 30.61; 0.01702; 0.02487; -0.30984; 0.00317
288.0; 9.969; 30.51; 0.00576; 0.01946; -0.29958; 0.00381
291.0; 10.068; 30.43; -0.00054; 0.00696; -0.29062; 0.00338
294.0; 10.168; 30.37; -0.00223; 0.00493; -0.28517; 0.00245
297.0; 10.267; 30.33; -0.00365; 0.00340; -0.28391; 0.00145
300.0; 10.367; 30.31; -0.00510; 0.00248; -0.28668; 0.00048
303.0; 10.466; 30.30; -0.00487; 0.00240; -0.29324; -0.00033
306.0; 10.566; 30.30; -0.00431; 0.00260; -0.30296; -0.00098
309.0; 10.666; 30.30; -0.00393; 0.00315; -0.31505; -0.00147
312.0; 10.766; 30.31; -0.00368; 0.00433; -0.32899; -0.00181
315.0; 10.865; 30.31; -0.00350; 0.00576; -0.34457; -0.00203
318.0; 10.965; 30.30; -0.00335; 0.00757; -0.36162; -0.00204
321.0; 11.065; 30.30; -0.00321; 0.00973; -0.37958; -0.00171
324.0; 11.165; 30.30; -0.00307; 0.01215; -0.39699; -0.00087
327.0; 11.264; 30.30; -0.00294; 0.01466; -0.41157; 0.00058
330.0; 11.364; 30.30; -0.00282; 0.01697; -0.42049; 0.00259
333.0; 11.464; 30.30; -0.00273; 0.01871; -0.42120; 0.00498
336.0; 11.564; 30.30; -0.00270; 0.01949; -0.41217; 0.00740
339.0; 11.664; 30.30; -0.00272; 0.01901; -0.39354; 0.00946
342.0; 11.763; 30.30; -0.00281; 0.01709; -0.36702; 0.01080
345.0; 11.863; 30.30; -0.00297; 0.01365; -0.33570; 0.01111
348.0; 11.963; 30.29; -0.00318; 0.00951; -0.30367; 0.01019
351.0; 12.063; 30.28; -0.00340; 0.00497; -0.27547; 0.00800
354.0; 12.163; 30.26; -0.00365; -0.00000; -0.25586; 0.00455
357.0; 12.263; 30.21; -0.00392; -0.00521; -0.24930; -0.00003
360.0; 12.363; 30.13; -0.00421; -0.01072; -0.25964; -0.00559
363.0; 12.463; 29.98; -0.00440; -0.01467; -0.28955; -0.01182
366.0; 12.564; 29.74; -0.00432; -0.01363; -0.33985; -0.01820
369.0; 12.666; 29.35; -0.00383; -0.00426; -0.40889; -0.02387
372.0; 12.769; 28.78; -0.00276; 0.01732; -0.49182; -0.02772
375.0; 12.875; 27.95; -0.00097; 0.05251; -0.58352; -0.02826
378.0; 12.984; 26.87; 0.00170; 0.10263; -0.67267; -0.02347
381.0; 13.097; 25.67; 0.00239; 0.13156; -0.74582; -0.01284
384.0; 13.215; 24.42; 0.00117; 0.16648; -0.79165; 0.00153
387.0; 13.338; 23.17; -0.00056; 0.19910; -0.80535; 0.01631
390.0; 13.466; 21.95; -0.00316; 0.22462; -0.79281; 0.02843
393.0; 13.601; 20.74; -0.00651; 0.24211; -0.76415; 0.03744
396.0; 13.743; 19.48; -0.00994; 0.25604; -0.72407; 0.04541
399.0; 13.895; 18.15; -0.01246; 0.27466; -0.66446; 0.05572
402.0; 14.059; 17.35; -0.01295; 0.31757; -0.56446; 0.07035
405.0; 14.231; 17.53; -0.01223; 0.38612; -0.41560; 0.08526
408.0; 14.399; 18.64; -0.01375; 0.44703; -0.24489; 0.09390
411.0; 14.552; 20.58; -0.01892; 0.46075; -0.09366; 0.09149
414.0; 14.682; 23.62; -0.02707; 0.42181; -0.01758; 0.05031
417.0; 14.795; 23.23; -0.03703; 0.26275; -0.02891; 0.03233
420.0; 14.910; 22.91; -0.03817; 0.24255; -0.12231; -0.00764
423.0; 15.029; 15.27; -0.01410; 0.41424; -0.24153; -0.01032
426.0; 15.219; 16.64; -0.01453; 0.42201; -0.32848; -0.02654
429.0; 15.391; 18.10; -0.01642; 0.38415; -0.44391; -0.02841
432.0; 15.548; 19.65; -0.01740; 0.33021; -0.55273; -0.02204
435.0; 15.691; 21.49; -0.01633; 0.28451; -0.63182; -0.00920
438.0; 15.822; 23.68; -0.01374; 0.25038; -0.66550; 0.00715
441.0; 15.942; 25.99; -0.01082; 0.21908; -0.65298; 0.02158
444.0; 16.054; 28.06; -0.00825; 0.18460; -0.60721; 0.03037
447.0; 16.158; 29.56; -0.00618; 0.14733; -0.54392; 0.03370
450.0; 16.259; 30.44; -0.00454; 0.11233; -0.47415; 0.03345
453.0; 16.357; 30.85; -0.00322; 0.08256; -0.40447; 0.03116
456.0; 16.455; 30.97; -0.00222; 0.05697; -0.33898; 0.02757
459.0; 16.553; 30.93; -0.00164; 0.04244; -0.28070; 0.02306
462.0; 16.650; 30.83; -0.00163; 0.04189; -0.23091; 0.01844
465.0; 16.748; 30.72; -0.00169; 0.03983; -0.19002; 0.01435
468.0; 16.847; 30.63; -0.00178; 0.03732; -0.15838; 0.01090
471.0; 16.946; 30.55; -0.00189; 0.03474; -0.13535; 0.00833
474.0; 17.045; 30.49; -0.00198; 0.03253; -0.11918; 0.00669
477.0; 17.144; 30.45; -0.00204; 0.03108; -0.10799; 0.00557
480.0; 17.243; 30.43; -0.00206; 0.03062; -0.10109; 0.00446
483.0; 17.342; 30.41; -0.00203; 0.03117; -0.09870; 0.00322
486.0; 17.442; 30.40; -0.00196; 0.03261; -0.10106; 0.00199
489.0; 17.541; 30.39; -0.00186; 0.03477; -0.10797; 0.00093
492.0; 17.640; 30.39; -0.00174; 0.03746; -0.11864; 0.00022
495.0; 17.740; 30.38; -0.00160; 0.04046; -0.13161; -0.00002
498.0; 17.839; 30.37; -0.00146; 0.04354; -0.14487; 0.00025
501.0; 17.939; 30.36; -0.00133; 0.04641; -0.15622; 0.00095
504.0; 18.038; 30.35; -0.00121; 0.04885; -0.16396; 0.00188
507.0; 18.138; 30.34; -0.00113; 0.05068; -0.16738; 0.00274
510.0; 18.238; 30.34; -0.00107; 0.05182; -0.16705; 0.00332
513.0; 18.337; 30.33; -0.00105; 0.05231; -0.16443; 0.00349
516.0; 18.437; 30.32; -0.00105; 0.05229; -0.16136; 0.00327
519.0; 18.536; 30.32; -0.00107; 0.05190; -0.15962; 0.00272
522.0; 18.636; 30.31; -0.00109; 0.05131; -0.16065; 0.00193
525.0; 18.736; 30.31; -0.00112; 0.05067; -0.16536; 0.00104
528.0; 18.836; 30.30; -0.00115; 0.05007; -0.17406; 0.00019
531.0; 18.935; 30.29; -0.00117; 0.04957; -0.18651; -0.00049
534.0; 19.035; 30.29; -0.00119; 0.04920; -0.20195; -0.00089
537.0; 19.135; 30.29; -0.00120; 0.04893; -0.21916; -0.00093
540.0; 19.235; 30.28; -0.00121; 0.04873; -0.23665; -0.00059
543.0; 19.334; 30.28; -0.00122; 0.04853; -0.25277; 0.00013
546.0; 19.434; 30.29; -0.00124; 0.04822; -0.26593; 0.00112
549.0; 19.534; 30.29; -0.00126; 0.04770; -0.27499; 0.00225
552.0; 19.634; 30.30; -0.00130; 0.04692; -0.27940; 0.00336
555.0; 19.734; 30.31; -0.00135; 0.04582; -0.27927; 0.00428
558.0; 19.833; 30.32; -0.00142; 0.04438; -0.27538; 0.00483
561.0; 19.933; 30.33; -0.00150; 0.04262; -0.26923; 0.00491
564.0; 20.033; 30.34; -0.00160; 0.04058; -0.26280; 0.00445
567.0; 20.132; 30.35; -0.00170; 0.03837; -0.25824; 0.00350
570.0; 20.232; 30.36; -0.00181; 0.03616; -0.25751; 0.00219
573.0; 20.332; 30.35; -0.00190; 0.03410; -0.26171; 0.00069
576.0; 20.431; 30.34; -0.00198; 0.03240; -0.27122; -0.00084
579.0; 20.531; 30.30; -0.00203; 0.03136; -0.28572; -0.00231
582.0; 20.631; 30.24; -0.00202; 0.03147; -0.30474; -0.00373
585.0; 20.731; 30.12; -0.00192; 0.03353; -0.32811; -0.00524
588.0; 20.831; 29.93; -0.00167; 0.03866; -0.35633; -0.00691
591.0; 20.933; 29.63; -0.00120; 0.04839; -0.39013; -0.00861
594.0; 21.035; 29.19; -0.00039; 0.06458; -0.42980; -0.00987
597.0; 21.139; 28.61; 0.00087; 0.08944; -0.47412; -0.00975
600.0; 21.245; 27.90; 0.00189; 0.10845; -0.52136; -0.00813
603.0; 21.353; 27.11; 0.00174; 0.12255; -0.57285; -0.00659
606.0; 21.465; 26.26; 0.00091; 0.14453; -0.63452; -0.00690
609.0; 21.580; 25.36; -0.00003; 0.16860; -0.71526; -0.00936
612.0; 21.699; 24.44; -0.00128; 0.19064; -0.82310; -0.01306
615.0; 21.822; 23.53; -0.00293; 0.20827; -0.96153; -0.01655
618.0; 21.950; 22.69; -0.00493; 0.22094; -1.12634; -0.01769
621.0; 22.081; 21.94; -0.00711; 0.22977; -1.30185; -0.01368
624.0; 22.218; 21.32; -0.00920; 0.23676; -1.46137; -0.00274
627.0; 22.358; 20.87; -0.01096; 0.24353; -1.57586; 0.01412
630.0; 22.501; 20.69; -0.01231; 0.24979; -1.62562; 0.03357
633.0; 22.645; 20.83; -0.01330; 0.25280; -1.60660; 0.05070
636.0; 22.789; 21.33; -0.01394; 0.24918; -1.53180; 0.06038
639.0; 22.928; 22.20; -0.01403; 0.23898; -1.42437; 0.06119
642.0; 23.061; 23.52; -0.01321; 0.22635; -1.30289; 0.05645
645.0; 23.186; 25.32; -0.01149; 0.21285; -1.17675; 0.05031
648.0; 23.301; 27.40; -0.00934; 0.19375; -1.05084; 0.04498
651.0; 23.408; 29.27; -0.00726; 0.16224; -0.92731; 0.04152
654.0; 23.510; 30.50; -0.00542; 0.12094; -0.80393; 0.04015
657.0; 23.608; 31.04; -0.00375; 0.08013; -0.67842; 0.03938
660.0; 23.705; 31.14; -0.00208; 0.04814; -0.55452; 0.03689
663.0; 23.802; 31.02; -0.00162; 0.04299; -0.43912; 0.03250
666.0; 23.900; 30.84; -0.00180; 0.03814; -0.33671; 0.02749
669.0; 23.998; 30.68; -0.00198; 0.03376; -0.24940; 0.02238
672.0; 24.097; 30.57; -0.00217; 0.02942; -0.17855; 0.01747
675.0; 24.196; 30.49; -0.00239; 0.02492; -0.12423; 0.01284
678.0; 24.295; 30.45; -0.00260; 0.02064; -0.08524; 0.00856
681.0; 24.394; 30.42; -0.00281; 0.01654; -0.06051; 0.00467
684.0; 24.493; 30.41; -0.00301; 0.01297; -0.04863; 0.00129
687.0; 24.593; 30.40; -0.00321; 0.00979; -0.04769; -0.00146
690.0; 24.692; 30.39; -0.00343; 0.00696; -0.05530; -0.00350
693.0; 24.791; 30.39; -0.00373; 0.00440; -0.06882; -0.00480
696.0; 24.891; 30.38; -0.00433; 0.00252; -0.08541; -0.00537
699.0; 24.990; 30.36; 0.00390; 0.00344; -0.10190; -0.00509
702.0; 25.090; 30.35; 0.00628; 0.00646; -0.11534; -0.00388
705.0; 25.190; 30.32; 0.00462; 0.00646; -0.12235; -0.00196
708.0; 25.289; 30.28; 0.00405; 0.00483; -0.12101; 0.00045
711.0; 25.389; 30.20; 0.00369; 0.00121; -0.11014; 0.00315
714.0; 25.489; 30.08; 0.00332; -0.00499; -0.08906; 0.00594
717.0; 25.590; 29.89; 0.00281; -0.01492; -0.05790; 0.00848
720.0; 25.691; 29.63; 0.00211; -0.02897; -0.01665; 0.01035
723.0; 25.793; 29.26; 0.00117; -0.04813; 0.03343; 0.01092
726.0; 25.896; 28.78; -0.00011; -0.07404; 0.08835; 0.00940
729.0; 26.001; 28.24; -0.00112; -0.09437; 0.14374; 0.00596
732.0; 26.108; 27.72; -0.00084; -0.10415; 0.19830; 0.00195
735.0; 26.217; 27.22; 0.00020; -0.12021; 0.25206; -0.00192
738.0; 26.328; 26.79; 0.00115; -0.13725; 0.30253; -0.00618
741.0; 26.440; 26.48; 0.00209; -0.15217; 0.34469; -0.01094
744.0; 26.552; 26.33; 0.00302; -0.16339; 0.37366; -0.01548
747.0; 26.665; 26.40; 0.00383; -0.17033; 0.38701; -0.01908
750.0; 26.778; 26.70; 0.00442; -0.17305; 0.38335; -0.02219
753.0; 26.889; 27.23; 0.00469; -0.17182; 0.36002; -0.02551
756.0; 26.997; 27.95; 0.00466; -0.16674; 0.31564; -0.02849
759.0; 27.103; 28.75; 0.00435; -0.15759; 0.25359; -0.03007
762.0; 27.206; 29.52; 0.00386; -0.14417; 0.18099; -0.02969
765.0; 27.307; 30.17; 0.00325; -0.12669; 0.10595; -0.02744
768.0; 27.406; 30.63; 0.00259; -0.10581; 0.03501; -0.02389
771.0; 27.504; 30.88; 0.00191; -0.08210; -0.02818; -0.01965
774.0; 27.601; 30.96; 0.00126; -0.05645; -0.08188; -0.01498
777.0; 27.699; 30.90; 0.00124; -0.05085; -0.12714; -0.01078
780.0; 27.797; 30.77; 0.00159; -0.04238; -0.16754; -0.00809
783.0; 27.895; 30.63; 0.00189; -0.03544; -0.20671; -0.00680
786.0; 27.993; 30.53; 0.00217; -0.02920; -0.24577; -0.00626
789.0; 28.092; 30.46; 0.00261; -0.01999; -0.28160; -0.00540
792.0; 28.192; 30.41; 0.00314; -0.01036; -0.31167; -0.00386
795.0; 28.291; 30.37; -0.00362; -0.00357; -0.33409; -0.00205
798.0; 28.390; 30.36; -0.00757; -0.00129; -0.34852; -0.00070
801.0; 28.490; 30.36; -0.00457; 0.00342; -0.35710; 0.00022
804.0; 28.590; 30.36; -0.00371; 0.00663; -0.36102; 0.00087
807.0; 28.689; 30.36; -0.00343; 0.00789; -0.36099; 0.00140
810.0; 28.789; 30.34; -0.00334; 0.00818; -0.35792; 0.00178
813.0; 28.888; 30.31; -0.00335; 0.00772; -0.35318; 0.00190
816.0; 28.988; 30.25; -0.00343; 0.00678; -0.34854; 0.00176
819.0; 29.088; 30.16; -0.00357; 0.00566; -0.34538; 0.00151
822.0; 29.188; 30.01; -0.00383; 0.00460; -0.34419; 0.00137
825.0; 29.289; 29.80; -0.00442; 0.00343; -0.34414; 0.00165
828.0; 29.391; 29.54; -0.00701; -0.01703; -0.34512; 0.00169
831.0; 29.493; 29.77; -0.01320; -0.02599; -0.34338; 0.00100
834.0; 29.594; 29.99; -0.00192; -0.01552; -0.34756; 0.00087
837.0; 29.695; 30.14; 0.00124; -0.01080; -0.34868; 0.00155
840.0; 29.795; 30.24; 0.00243; -0.00798; -0.34566; 0.00239
843.0; 29.895; 30.29; 0.00368; -0.00595; -0.33899; 0.00306
846.0; 29.995; 30.32; 0.00434; -0.00473; -0.32999; 0.00341
849.0; 30.095; 30.33; 0.00443; -0.00417; -0.32010; 0.00343
852.0; 30.194; 30.34; 0.00431; -0.00400; -0.31058; 0.00314
855.0; 30.294; 30.35; 0.00418; -0.00400; -0.30257; 0.00261
858.0; 30.393; 30.35; 0.00408; -0.00406; -0.29698; 0.00192
861.0; 30.493; 30.35; 0.00403; -0.00410; -0.29436; 0.00119
864.0; 30.593; 30.35; 0.00401; -0.00408; -0.29480; 0.00053
867.0; 30.692; 30.35; 0.00402; -0.00400; -0.29794; 0.00003
870.0; 30.792; 30.35; 0.00407; -0.00386; -0.30296; -0.00022
873.0; 30.891; 30.34; 0.00415; -0.00369; -0.30878; -0.00020
876.0; 30.991; 30.34; 0.00425; -0.00350; -0.31425; 0.00004
879.0; 31.090; 30.34; 0.00438; -0.00332; -0.31848; 0.00044
882.0; 31.190; 30.33; 0.00452; -0.00318; -0.32087; 0.00088
885.0; 31.290; 30.33; 0.00465; -0.00305; -0.32124; 0.00126
888.0; 31.389; 30.32; 0.00474; -0.00291; -0.31986; 0.00148
891.0; 31.489; 30.31; 0.00479; -0.00268; -0.31740; 0.00146
894.0; 31.589; 30.30; 0.00479; -0.00224; -0.31484; 0.00120
897.0; 31.688; 30.28; 0.00479; -0.00144; -0.31321; 0.00074
900.0; 31.788; 30.25; 0.00482; -0.00010; -0.31335; 0.00023
903.0; 31.888; 30.21; 0.00492; 0.00195; -0.31544; -0.00008
906.0; 31.988; 30.14; 0.00514; 0.00489; -0.31866; 0.00012
909.0; 32.088; 30.04; 0.00559; 0.00905; -0.32082; 0.00113
912.0; 32.189; 29.93; 0.00662; 0.01730; -0.31808; 0.00329
915.0; 32.290; 29.95; 0.01022; 0.02920; -0.30724; 0.00665
918.0; 32.391; 29.95; -0.00325; -0.18979; -0.31192; 0.00032
921.0; 32.492; 29.98; -0.00439; 0.04011; -0.33642; -0.00690
924.0; 32.593; 30.04; -0.00535; 0.02885; -0.34614; -0.00260
927.0; 32.693; 30.12; -0.00365; 0.02439; -0.34749; 0.00049
930.0; 32.793; 30.18; -0.00290; 0.02426; -0.34196; 0.00325
933.0; 32.894; 30.22; -0.00252; 0.02670; -0.32902; 0.00616
936.0; 32.994; 30.23; -0.00223; 0.03076; -0.30684; 0.00952
939.0; 33.094; 30.19; -0.00198; 0.03517; -0.27313; 0.01337
942.0; 33.194; 30.09; -0.00183; 0.03793; -0.22626; 0.01752
945.0; 33.294; 29.88; -0.00188; 0.03661; -0.16582; 0.02176
948.0; 33.395; 29.53; -0.00199; 0.03432; -0.09102; 0.02641
951.0; 33.498; 28.97; -0.00256; 0.02139; -0.00147; 0.03118
954.0; 33.603; 28.14; 0.00334; -0.01417; 0.10009; 0.03469
957.0; 33.711; 26.98; -0.00003; -0.07178; 0.20669; 0.03427
960.0; 33.824; 25.52; -0.00343; -0.12986; 0.31281; 0.02723
963.0; 33.942; 23.98; -0.00245; -0.17514; 0.40443; 0.01318
966.0; 34.067; 22.56; 0.00068; -0.21379; 0.47148; -0.00403
969.0; 34.198; 21.58; 0.00593; -0.24115; 0.51923; -0.01794
972.0; 34.331; 21.29; 0.01349; -0.25270; 0.57095; -0.02399
975.0; 34.462; 20.99; 0.02315; -0.22885; 0.66410; -0.01855
978.0; 34.592; 23.92; 0.01936; -0.45269; 0.76915; -0.02163
981.0; 34.708; 24.28; 0.03668; -0.22937; 0.82037; -0.07004
984.0; 34.823; 24.12; 0.03518; -0.26849; 0.70592; -0.13370
987.0; 34.935; 20.58; 0.10942; -0.89884; 0.56464; -0.17033
990.0; 35.046; 20.27; 0.10883; -0.92178; 0.48239; -0.14694
993.0; 35.157; 20.05; 0.10962; -0.94488; 0.60100; -0.08577
996.0; 35.273; 21.43; 0.10884; -0.95435; 0.87798; -0.06136
999.0; 35.393; 22.62; 0.09991; -0.90222; 1.05234; -0.05112
1002.0; 35.514; 17.54; 0.10163; -0.70171; 1.14707; -0.03189
1005.0; 35.673; 21.60; 0.04095; -0.27832; 1.02729; -0.01082
1008.0; 35.801; 17.17; 0.02173; -0.39907; 1.01077; -0.01815
1011.0; 35.966; 19.68; 0.02125; -0.35781; 0.96459; -0.00074
1014.0; 36.106; 23.28; 0.01710; -0.32438; 0.96755; 0.00135
1017.0; 36.226; 27.58; 0.01077; -0.28892; 0.96108; -0.00968
1020.0; 36.330; 30.52; 0.00557; -0.22374; 0.90638; -0.02639
1023.0; 36.427; 31.41; 0.00177; -0.14562; 0.79251; -0.03966
1026.0; 36.524; 31.28; -0.00080; -0.09766; 0.63806; -0.04627
1029.0; 36.620; 31.01; 0.00110; -0.05442; 0.46979; -0.04715
1032.0; 36.718; 30.81; 0.00247; -0.02345; 0.31296; -0.04447
1035.0; 36.816; 30.68; -0.00431; 0.00330; 0.17674; -0.03952
1038.0; 36.915; 30.61; -0.00296; 0.01898; 0.06383; -0.03356
1041.0; 37.014; 30.56; -0.00239; 0.02736; -0.02701; -0.02760
1044.0; 37.113; 30.52; -0.00219; 0.03071; -0.09879; -0.02229
1047.0; 37.212; 30.49; -0.00216; 0.03096; -0.15574; -0.01798
1050.0; 37.311; 30.46; -0.00217; 0.03064; -0.20209; -0.01466
1053.0; 37.410; 30.41; -0.00222; 0.02984; -0.24139; -0.01219
1056.0; 37.509; 30.35; -0.00229; 0.02908; -0.27601; -0.01029
1059.0; 37.609; 30.26; -0.00237; 0.02882; -0.30680; -0.00845
1062.0; 37.709; 30.13; -0.00246; 0.02948; -0.33308; -0.00620
1065.0; 37.809; 29.93; -0.00258; 0.03159; -0.35290; -0.00310
1068.0; 37.911; 29.65; -0.00277; 0.03579; -0.36279; 0.00140
1071.0; 38.013; 29.31; -0.00325; 0.04334; -0.35645; 0.00805
1074.0; 38.116; 28.94; -0.00408; 0.04673; -0.32454; 0.01716
1077.0; 38.221; 28.57; -0.01282; -0.21391; -0.28529; 0.01897
1080.0; 38.327; 28.14; -0.02304; -0.23824; -0.29713; 0.00118
1083.0; 38.434; 28.63; -0.00576; 0.06638; -0.31027; -0.00557
1086.0; 38.540; 29.21; 0.00023; -0.07205; -0.31842; -0.00344
1089.0; 38.643; 29.59; 0.00179; 0.22032; -0.30734; 0.00267
1092.0; 38.746; 29.61; 0.00082; -0.08446; -0.29681; 0.00450
1095.0; 38.848; 29.94; -0.00041; 0.08449; -0.28578; 0.00372
1098.0; 38.949; 29.87; -0.00121; -0.01522; -0.27878; 0.00491
1101.0; 39.050; 29.92; 0.00116; 0.00794; -0.27203; 0.00269
1104.0; 39.151; 30.01; -0.01366; -0.00026; -0.27439; 0.00157
1107.0; 39.252; 30.13; -0.00622; 0.00150; -0.27466; 0.00020
1110.0; 39.352; 30.23; -0.00464; 0.00095; -0.28232; -0.00142
1113.0; 39.452; 30.29; -0.00406; 0.00082; -0.29710; -0.00309
1116.0; 39.552; 30.33; -0.00376; 0.00171; -0.31915; -0.00451
1119.0; 39.652; 30.35; -0.00356; 0.00346; -0.34746; -0.00540
1122.0; 39.751; 30.36; -0.00337; 0.00608; -0.37942; -0.00546
1125.0; 39.851; 30.37; -0.00318; 0.00929; -0.41101; -0.00456
1128.0; 39.950; 30.37; -0.00299; 0.01270; -0.43785; -0.00286
1131.0; 40.050; 30.36; -0.00283; 0.01586; -0.45658; -0.00072
1134.0; 40.149; 30.36; -0.00270; 0.01845; -0.46591; 0.00136
1137.0; 40.249; 30.35; -0.00260; 0.02041; -0.46711; 0.00294
1140.0; 40.349; 30.35; -0.00251; 0.02201; -0.46319; 0.00382
1143.0; 40.448; 30.34; -0.00243; 0.02367; -0.45789; 0.00410
1146.0; 40.548; 30.34; -0.00233; 0.02592; -0.45384; 0.00416
1149.0; 40.648; 30.34; -0.00218; 0.02901; -0.45158; 0.00455
1152.0; 40.747; 30.34; -0.00201; 0.03276; -0.44876; 0.00569
1155.0; 40.847; 30.35; -0.00184; 0.03650; -0.44071; 0.00766
1158.0; 40.947; 30.35; -0.00171; 0.03923; -0.42272; 0.01002
1161.0; 41.046; 30.35; -0.00168; 0.04003; -0.39275; 0.01201
1164.0; 41.146; 30.35; -0.00175; 0.03843; -0.35251; 0.01296
1167.0; 41.246; 30.34; -0.00195; 0.03432; -0.30690; 0.01266
1170.0; 41.345; 30.33; -0.00226; 0.02760; -0.26254; 0.01117
1173.0; 41.445; 30.31; -0.00264; 0.01956; -0.22524; 0.00872
1176.0; 41.545; 30.29; -0.00306; 0.01074; -0.19933; 0.00561
1179.0; 41.645; 30.26; -0.00355; 0.00046; -0.18722; 0.00206
1182.0; 41.745; 30.24; -0.00413; -0.01143; -0.19011; -0.00196
1185.0; 41.844; 30.24; -0.00485; -0.02547; -0.20929; -0.00669
1188.0; 41.944; 30.27; -0.00583; -0.04231; -0.24733; -0.01249
1191.0; 42.044; 30.11; 0.00161; 0.14195; -0.27920; -0.00973
1194.0; 42.145; 30.16; 0.00361; 0.00887; -0.29430; -0.00315
1197.0; 42.245; 30.21; 0.00535; 0.00405; -0.30935; -0.00253
1200.0; 42.345; 30.25; 0.00471; 0.00073; -0.32263; -0.00145
1203.0; 42.445; 30.28; 0.00418; -0.00091; -0.33236; -0.00023
1206.0; 42.544; 30.28; 0.00395; -0.00075; -0.33854; 0.00083
1209.0; 42.644; 30.26; 0.00393; 0.00145; -0.34201; 0.00180
1212.0; 42.744; 30.22; 0.00408; 0.00582; -0.34258; 0.00320
1215.0; 42.844; 30.15; 0.00435; 0.01231; -0.33774; 0.00562
1218.0; 42.944; 30.03; 0.00476; 0.02051; -0.32253; 0.00944
1221.0; 43.045; 29.79; -0.00223; -0.13351; -0.31444; 0.00652
1224.0; 43.147; 29.54; -0.00052; -0.13021; -0.33584; -0.00465
1227.0; 43.249; 29.20; -0.00325; -0.00062; -0.36926; -0.01028
1230.0; 43.353; 28.69; -0.00289; 0.01327; -0.39884; -0.01006
1233.0; 43.459; 27.93; -0.00136; 0.04404; -0.42561; -0.00909
1236.0; 43.568; 26.90; 0.00126; 0.09349; -0.45101; -0.00591
1239.0; 43.681; 25.67; 0.00322; 0.12813; -0.47594; -0.00236
1242.0; 43.799; 24.38; 0.00192; 0.16727; -0.50928; -0.00151
1245.0; 43.922; 23.10; 0.00001; 0.20244; -0.56260; -0.00368
1248.0; 44.052; 21.83; -0.00284; 0.22800; -0.64522; -0.00808
1251.0; 44.188; 20.53; -0.00646; 0.24275; -0.76049; -0.01325
1254.0; 44.332; 19.09; -0.01005; 0.25179; -0.90027; -0.01629
1257.0; 44.489; 17.52; -0.01236; 0.26639; -1.03874; -0.01324
1260.0; 44.662; 16.28; -0.01232; 0.30130; -1.13699; -0.00228
1263.0; 44.852; 15.51; -0.01041; 0.35216; -1.16673; 0.01314
1266.0; 45.053; 15.07; -0.00802; 0.40371; -1.12604; 0.02548
1269.0; 45.262; 14.92; -0.00617; 0.45083; -1.04103; 0.02743
1272.0; 45.473; 14.97; -0.00445; 0.48662; -0.95958; 0.01618
1275.0; 45.681; 15.14; -0.00434; 0.50281; -0.92453; -0.00027
1278.0; 45.886; 15.42; -0.00556; 0.50003; -0.93708; -0.00763
1281.0; 46.083; 15.86; -0.00772; 0.48177; -0.96038; 0.00003
1284.0; 46.273; 16.49; -0.01013; 0.45200; -0.95623; 0.01721
1287.0; 46.453; 17.30; -0.01228; 0.41447; -0.90926; 0.03479
1290.0; 46.622; 18.29; -0.01420; 0.37188; -0.82988; 0.04504
1293.0; 46.781; 19.42; -0.01555; 0.32745; -0.74487; 0.04476
1296.0; 46.929; 20.70; -0.01582; 0.28637; -0.67826; 0.03708
1299.0; 47.067; 22.20; -0.01482; 0.25318; -0.63743; 0.02755
1302.0; 47.196; 23.94; -0.01293; 0.22680; -0.61813; 0.02011
1305.0; 47.317; 25.80; -0.01071; 0.20226; -0.61075; 0.01682
1308.0; 47.429; 27.52; -0.00858; 0.17531; -0.60266; 0.01801
1311.0; 47.536; 28.83; -0.00676; 0.14626; -0.58341; 0.02152
1314.0; 47.639; 29.67; -0.00526; 0.11964; -0.55147; 0.02394
1317.0; 47.740; 30.11; -0.00405; 0.09921; -0.51402; 0.02363
1320.0; 47.840; 30.30; -0.00308; 0.08576; -0.47951; 0.02124
1323.0; 47.939; 30.35; -0.00234; 0.07826; -0.45323; 0.01795
1326.0; 48.038; 30.34; -0.00178; 0.07512; -0.43717; 0.01462
1329.0; 48.138; 30.30; -0.00137; 0.07484; -0.43082; 0.01190
1332.0; 48.238; 30.28; -0.00109; 0.07613; -0.43154; 0.01017
1335.0; 48.337; 30.27; -0.00088; 0.07788; -0.43529; 0.00957
1338.0; 48.437; 30.29; -0.00072; 0.07916; -0.43763; 0.00993
1341.0; 48.537; 30.34; -0.00060; 0.07917; -0.43498; 0.01083
1344.0; 48.636; 30.41; -0.00050; 0.07718; -0.42566; 0.01172
1347.0; 48.735; 30.48; -0.00045; 0.07250; -0.41030; 0.01208
1350.0; 48.835; 30.55; -0.00050; 0.06578; -0.39145; 0.01153
1353.0; 48.933; 30.59; -0.00066; 0.06223; -0.37251; 0.01002
1356.0; 49.032; 30.60; -0.00064; 0.06254; -0.35653; 0.00784
1359.0; 49.131; 30.61; -0.00062; 0.06272; -0.34551; 0.00547
1362.0; 49.230; 30.60; -0.00069; 0.06089; -0.34018; 0.00326
1365.0; 49.328; 30.59; -0.00081; 0.05822; -0.34034; 0.00141
1368.0; 49.427; 30.57; -0.00096; 0.05493; -0.34483; 0.00008
1371.0; 49.526; 30.55; -0.00113; 0.05118; -0.35182; -0.00064
1374.0; 49.625; 30.52; -0.00131; 0.04710; -0.35919; -0.00072
1377.0; 49.724; 30.50; -0.00151; 0.04288; -0.36481; -0.00017
1380.0; 49.824; 30.47; -0.00170; 0.03873; -0.36672; 0.00096
1383.0; 49.923; 30.46; -0.00190; 0.03458; -0.36381; 0.00241
1386.0; 50.022; 30.45; -0.00209; 0.03057; -0.35605; 0.00374
1389.0; 50.121; 30.44; -0.00226; 0.02697; -0.34459; 0.00457
1392.0; 50.221; 30.43; -0.00242; 0.02384; -0.33157; 0.00483
1395.0; 50.320; 30.43; -0.00254; 0.02125; -0.31893; 0.00464
1398.0; 50.419; 30.43; -0.00265; 0.01918; -0.30798; 0.00415
1401.0; 50.519; 30.43; -0.00273; 0.01759; -0.29943; 0.00350
1404.0; 50.618; 30.43; -0.00279; 0.01639; -0.29356; 0.00281
1407.0; 50.717; 30.43; -0.00284; 0.01552; -0.29029; 0.00214
1410.0; 50.817; 30.42; -0.00288; 0.01489; -0.28933; 0.00156
1413.0; 50.916; 30.42; -0.00290; 0.01445; -0.29024; 0.00109
1416.0; 51.015; 30.42; -0.00292; 0.01410; -0.29250; 0.00072
1419.0; 51.115; 30.42; -0.00294; 0.01381; -0.29576; 0.00042
1422.0; 51.214; 30.42; -0.00296; 0.01352; -0.29984; 0.00017
1425.0; 51.313; 30.42; -0.00297; 0.01324; -0.30468; -0.00002
1428.0; 51.413; 30.42; -0.00299; 0.01297; -0.31017; -0.00014
1431.0; 51.512; 30.42; -0.00301; 0.01270; -0.31598; -0.00014
1434.0; 51.612; 30.42; -0.00302; 0.01242; -0.32158; -0.00005
1437.0; 51.711; 30.42; -0.00304; 0.01210; -0.32658; 0.00011
1440.0; 51.810; 30.42; -0.00307; 0.01172; -0.33076; 0.00028
1443.0; 51.910; 30.42; -0.00309; 0.01132; -0.33427; 0.00044
1446.0; 52.009; 30.42; -0.00312; 0.01092; -0.33729; 0.00061
1449.0; 52.108; 30.42; -0.00314; 0.01056; -0.33987; 0.00081
1452.0; 52.208; 30.42; -0.00316; 0.01025; -0.34187; 0.00109
1455.0; 52.307; 30.42; -0.00317; 0.01002; -0.34302; 0.00142
1458.0; 52.406; 30.42; -0.00317; 0.00990; -0.34315; 0.00176
1461.0; 52.506; 30.42; -0.00317; 0.00990; -0.34234; 0.00205
1464.0; 52.605; 30.42; -0.00316; 0.01004; -0.34084; 0.00230
1467.0; 52.704; 30.42; -0.00314; 0.01032; -0.33880; 0.00255
1470.0; 52.804; 30.42; -0.00312; 0.01073; -0.33608; 0.00286
1473.0; 52.903; 30.42; -0.00308; 0.01123; -0.33222; 0.00329
1476.0; 53.003; 30.42; -0.00305; 0.01175; -0.32654; 0.00381
1479.0; 53.102; 30.42; -0.00303; 0.01222; -0.31841; 0.00434
1482.0; 53.201; 30.42; -0.00301; 0.01253; -0.30772; 0.00470
1485.0; 53.301; 30.42; -0.00299; 0.01267; -0.29530; 0.00473
1488.0; 53.400; 30.42; -0.00299; 0.01267; -0.28282; 0.00433
1491.0; 53.499; 30.42; -0.00299; 0.01261; -0.27231; 0.00348
1494.0; 53.599; 30.42; -0.00299; 0.01260; -0.26589; 0.00230
1497.0; 53.698; 30.42; -0.00298; 0.01278; -0.26501; 0.00105
1500.0; 53.797; 30.42; -0.00295; 0.01327; -0.26978; 0.00003
1503.0; 53.897; 30.42; -0.00291; 0.01407; -0.27870; -0.00052
1506.0; 53.996; 30.42; -0.00286; 0.01504; -0.28914; -0.00051
1509.0; 54.096; 30.42; -0.00281; 0.01602; -0.29844; -0.00010
1512.0; 54.195; 30.42; -0.00276; 0.01684; -0.30491; 0.00045
1515.0; 54.294; 30.42; -0.00273; 0.01742; -0.30838; 0.00082
1518.0; 54.394; 30.42; -0.00271; 0.01777; -0.31025; 0.00079
1521.0; 54.493; 30.42; -0.00270; 0.01800; -0.31280; 0.00033
1524.0; 54.592; 30.42; -0.00269; 0.01826; -0.31825; -0.00044
1527.0; 54.692; 30.42; -0.00267; 0.01867; -0.32783; -0.00121
1530.0; 54.791; 30.42; -0.00264; 0.01929; -0.34113; -0.00165
1533.0; 54.891; 30.42; -0.00260; 0.02004; -0.35624; -0.00150
1536.0; 54.990; 30.42; -0.00256; 0.02082; -0.37031; -0.00069
1539.0; 55.089; 30.42; -0.00253; 0.02150; -0.38041; 0.00070
1542.0; 55.189; 30.42; -0.00251; 0.02194; -0.38417; 0.00248
1545.0; 55.288; 30.42; -0.00251; 0.02204; -0.38013; 0.00439
1548.0; 55.388; 30.42; -0.00252; 0.02175; -0.36797; 0.00612
1551.0; 55.487; 30.42; -0.00256; 0.02102; -0.34863; 0.00739
1554.0; 55.586; 30.42; -0.00261; 0.01990; -0.32435; 0.00795
1557.0; 55.686; 30.42; -0.00268; 0.01852; -0.29842; 0.00769
1560.0; 55.785; 30.42; -0.00275; 0.01707; -0.27459; 0.00666
1563.0; 55.884; 30.42; -0.00281; 0.01582; -0.25629; 0.00511
1566.0; 55.984; 30.42; -0.00285; 0.01505; -0.24570; 0.00335
1569.0; 56.083; 30.42; -0.00285; 0.01496; -0.24336; 0.00170
1572.0; 56.183; 30.42; -0.00281; 0.01559; -0.24823; 0.00043
1575.0; 56.282; 30.41; -0.00275; 0.01686; -0.25806; -0.00027
1578.0; 56.381; 30.41; -0.00266; 0.01859; -0.27001; -0.00035
1581.0; 56.481; 30.40; -0.00256; 0.02058; -0.28144; 0.00011
1584.0; 56.580; 30.40; -0.00246; 0.02269; -0.29022; 0.00093
1587.0; 56.680; 30.40; -0.00236; 0.02472; -0.29516; 0.00189
1590.0; 56.779; 30.40; -0.00227; 0.02657; -0.29596; 0.00279
1593.0; 56.879; 30.39; -0.00219; 0.02818; -0.29319; 0.00347
1596.0; 56.978; 30.39; -0.00213; 0.02951; -0.28801; 0.00383
1599.0; 57.077; 30.39; -0.00208; 0.03055; -0.28176; 0.00385
1602.0; 57.177; 30.39; -0.00205; 0.03128; -0.27554; 0.00365
1605.0; 57.276; 30.40; -0.00203; 0.03171; -0.26996; 0.00337
1608.0; 57.376; 30.40; -0.00202; 0.03185; -0.26506; 0.00314
1611.0; 57.475; 30.40; -0.00203; 0.03175; -0.26060; 0.00299
1614.0; 57.575; 30.40; -0.00204; 0.03144; -0.25626; 0.00291
1617.0; 57.674; 30.40; -0.00207; 0.03096; -0.25177; 0.00285
1620.0; 57.774; 30.40; -0.00210; 0.03033; -0.24707; 0.00278
1623.0; 57.873; 30.40; -0.00214; 0.02957; -0.24238; 0.00264
1626.0; 57.973; 30.41; -0.00218; 0.02873; -0.23810; 0.00244
1629.0; 58.072; 30.41; -0.00222; 0.02787; -0.23457; 0.00219
1632.0; 58.171; 30.41; -0.00226; 0.02705; -0.23197; 0.00195
1635.0; 58.271; 30.41; -0.00230; 0.02624; -0.23021; 0.00177
1638.0; 58.370; 30.41; -0.00234; 0.02545; -0.22889; 0.00168
1641.0; 58.470; 30.41; -0.00238; 0.02468; -0.22754; 0.00163
1644.0; 58.569; 30.41; -0.00242; 0.02388; -0.22590; 0.00157
1647.0; 58.668; 30.41; -0.00246; 0.02302; -0.22419; 0.00141
1650.0; 58.768; 30.41; -0.00251; 0.02212; -0.22310; 0.00110
1653.0; 58.867; 30.41; -0.00255; 0.02128; -0.22362; 0.00074
1656.0; 58.967; 30.41; -0.00259; 0.02058; -0.22605; 0.00050
1659.0; 59.066; 30.41; -0.00262; 0.02005; -0.22971; 0.00053
1662.0; 59.165; 30.41; -0.00264; 0.01963; -0.23313; 0.00093
1665.0; 59.265; 30.41; -0.00266; 0.01925; -0.23462; 0.00167
1668.0; 59.364; 30.41; -0.00268; 0.01885; -0.23270; 0.00268
1671.0; 59.464; 30.41; -0.00270; 0.01840; -0.22641; 0.00380
1674.0; 59.563; 30.41; -0.00273; 0.01790; -0.21555; 0.00484
1677.0; 59.662; 30.41; -0.00275; 0.01736; -0.20070; 0.00559
1680.0; 59.762; 30.41; -0.00278; 0.01681; -0.18331; 0.00589
1683.0; 59.861; 30.41; -0.00280; 0.01631; -0.16531; 0.00567
1686.0; 59.961; 30.41; -0.00282; 0.01590; -0.14873; 0.00497
1689.0; 60.060; 30.41; -0.00283; 0.01563; -0.13548; 0.00387
1692.0; 60.159; 30.41; -0.00284; 0.01555; -0.12705; 0.00254
1695.0; 60.259; 30.41; -0.00283; 0.01571; -0.12427; 0.00116
1698.0; 60.358; 30.41; -0.00280; 0.01615; -0.12711; -0.00008
1701.0; 60.457; 30.41; -0.00277; 0.01683; -0.13473; -0.00104
1704.0; 60.557; 30.41; -0.00272; 0.01770; -0.14576; -0.00166
1707.0; 60.656; 30.40; -0.00267; 0.01869; -0.15872; -0.00193
1710.0; 60.756; 30.40; -0.00262; 0.01971; -0.17229; -0.00192
1713.0; 60.855; 30.40; -0.00257; 0.02073; -0.18553; -0.00168
1716.0; 60.955; 30.40; -0.00252; 0.02168; -0.19777; -0.00125
1719.0; 61.054; 30.40; -0.00248; 0.02256; -0.20845; -0.00067
1722.0; 61.153; 30.39; -0.00244; 0.02337; -0.21697; 0.00005
1725.0; 61.253; 30.39; -0.00240; 0.02406; -0.22276; 0.00085
1728.0; 61.352; 30.38; -0.00238; 0.02458; -0.22556; 0.00163
1731.0; 61.452; 30.37; -0.00236; 0.02498; -0.22556; 0.00228
1734.0; 61.551; 30.36; -0.00233; 0.02535; -0.22346; 0.00273
1737.0; 61.651; 30.35; -0.00231; 0.02585; -0.22033; 0.00298
1740.0; 61.751; 30.33; -0.00226; 0.02666; -0.21725; 0.00311
1743.0; 61.850; 30.31; -0.00220; 0.02797; -0.21497; 0.00324
1746.0; 61.950; 30.29; -0.00210; 0.03003; -0.21379; 0.00344
1749.0; 62.050; 30.26; -0.00195; 0.03301; -0.21392; 0.00368
1752.0; 62.150; 30.23; -0.00176; 0.03700; -0.21555; 0.00396
1755.0; 62.250; 30.20; -0.00153; 0.04190; -0.21847; 0.00446
1758.0; 62.350; 30.18; -0.00127; 0.04742; -0.22155; 0.00540
1761.0; 62.450; 30.16; -0.00101; 0.05308; -0.22259; 0.00694
1764.0; 62.550; 30.16; -0.00077; 0.05824; -0.21862; 0.00906
1767.0; 62.650; 30.18; -0.00058; 0.06227; -0.20654; 0.01148
1770.0; 62.750; 30.21; -0.00048; 0.06469; -0.18422; 0.01369
1773.0; 62.850; 30.25; -0.00046; 0.06519; -0.15160; 0.01490
1776.0; 62.950; 30.30; -0.00054; 0.06359; -0.11170; 0.01427
1779.0; 63.050; 30.35; -0.00073; 0.05971; -0.07109; 0.01104
1782.0; 63.149; 30.37; -0.00103; 0.05336; -0.03905; 0.00517
1785.0; 63.249; 30.38; -0.00143; 0.04458; -0.02402; -0.00204
1788.0; 63.348; 30.36; -0.00192; 0.03408; -0.02960; -0.00859
1791.0; 63.448; 30.33; -0.00238; 0.02422; -0.05446; -0.01286
1794.0; 63.548; 30.27; -0.00284; 0.01453; -0.09328; -0.01393
1797.0; 63.647; 30.17; -0.00330; 0.00484; -0.13664; -0.01117
1800.0; 63.748; 30.00; -0.00359; -0.00122; -0.17263; -0.00484
1803.0; 63.848; 29.73; -0.00345; 0.00162; -0.19150; 0.00285
1806.0; 63.950; 29.35; -0.00268; 0.01740; -0.19092; 0.00912
1809.0; 64.054; 28.80; -0.00126; 0.04621; -0.17756; 0.01302
1812.0; 64.159; 28.09; 0.00085; 0.08788; -0.15686; 0.01552
1815.0; 64.267; 27.32; 0.00191; 0.10820; -0.13428; 0.01669
1818.0; 64.377; 26.54; 0.00093; 0.13200; -0.11611; 0.01624
1821.0; 64.491; 25.76; -0.00003; 0.15578; -0.10536; 0.01532
1824.0; 64.607; 24.99; -0.00107; 0.17657; -0.10204; 0.01480
1827.0; 64.726; 24.25; -0.00227; 0.19325; -0.10434; 0.01497
1830.0; 64.848; 23.53; -0.00363; 0.20580; -0.11009; 0.01567
1833.0; 64.974; 22.86; -0.00509; 0.21504; -0.11744; 0.01674
1836.0; 65.102; 22.23; -0.00658; 0.22219; -0.12477; 0.01815
1839.0; 65.233; 21.64; -0.00801; 0.22847; -0.13030; 0.01997
1842.0; 65.367; 21.07; -0.00930; 0.23484; -0.13239; 0.02186
1845.0; 65.505; 20.51; -0.01041; 0.24185; -0.13107; 0.02295
1848.0; 65.646; 19.99; -0.01131; 0.24965; -0.12934; 0.02213
1851.0; 65.791; 19.51; -0.01200; 0.25806; -0.13346; 0.01820
1854.0; 65.939; 19.11; -0.01247; 0.26672; -0.15239; 0.01070
1857.0; 66.091; 18.79; -0.01274; 0.27511; -0.19375; 0.00149
1860.0; 66.246; 18.57; -0.01284; 0.28258; -0.25699; -0.00592
1863.0; 66.403; 18.42; -0.01284; 0.28869; -0.33357; -0.00979
1866.0; 66.561; 18.30; -0.01277; 0.29348; -0.41466; -0.01093
1869.0; 66.721; 18.19; -0.01268; 0.29737; -0.49595; -0.01078
1872.0; 66.883; 18.05; -0.01260; 0.30106; -0.57701; -0.01036
1875.0; 67.046; 17.88; -0.01251; 0.30522; -0.65985; -0.01016
1878.0; 67.212; 17.67; -0.01240; 0.31035; -0.74704; -0.00996
1881.0; 67.380; 17.42; -0.01225; 0.31687; -0.83843; -0.00869
1884.0; 67.552; 17.18; -0.01200; 0.32500; -0.92771; -0.00482
1887.0; 67.728; 16.99; -0.01167; 0.33429; -1.00156; 0.00227
1890.0; 67.907; 16.90; -0.01133; 0.34302; -1.04520; 0.01009
1893.0; 68.087; 16.91; -0.01111; 0.34860; -1.05349; 0.01461
1896.0; 68.266; 17.01; -0.01106; 0.34950; -1.03581; 0.01530
1899.0; 68.443; 17.17; -0.01114; 0.34636; -1.00723; 0.01427
1902.0; 68.618; 17.32; -0.01125; 0.34105; -0.97966; 0.01304
1905.0; 68.791; 17.42; -0.01133; 0.33573; -0.95903; 0.01247
1908.0; 68.963; 17.44; -0.01137; 0.33201; -0.94521; 0.01326
1911.0; 69.134; 17.37; -0.01135; 0.33102; -0.93343; 0.01557
1914.0; 69.307; 17.21; -0.01125; 0.33331; -0.91776; 0.01886
1917.0; 69.482; 16.99; -0.01108; 0.33908; -0.89424; 0.02214
1920.0; 69.659; 16.76; -0.01082; 0.34817; -0.86285; 0.02444
1923.0; 69.840; 16.58; -0.01053; 0.35984; -0.82732; 0.02512
1926.0; 70.022; 16.51; -0.01034; 0.37230; -0.79333; 0.02408
1929.0; 70.205; 16.61; -0.01045; 0.38244; -0.76474; 0.02317
1932.0; 70.386; 16.91; -0.01097; 0.38649; -0.73613; 0.02681
1935.0; 70.562; 17.42; -0.01199; 0.38152; -0.68984; 0.03786
1938.0; 70.731; 18.15; -0.01341; 0.36591; -0.60692; 0.05332
1941.0; 70.891; 19.09; -0.01491; 0.33983; -0.48234; 0.06561
1944.0; 71.041; 20.26; -0.01586; 0.30756; -0.33271; 0.06716
1947.0; 71.180; 21.88; -0.01531; 0.28063; -0.18840; 0.05635
1950.0; 71.309; 24.24; -0.01296; 0.26394; -0.07278; 0.04071
1953.0; 71.426; 26.86; -0.00967; 0.23447; 0.01655; 0.02985
1956.0; 71.534; 27.95; -0.00548; 0.17550; 0.11254; 0.02859
1959.0; 71.642; 26.74; -0.00149; 0.07760; 0.25215; 0.03503
1962.0; 71.757; 24.55; -0.00509; -0.15050; 0.42943; 0.03869
1965.0; 71.881; 22.30; -0.00842; -0.23045; 0.62162; 0.03561
1968.0; 72.015; 20.87; -0.00058; -0.27273; 0.84501; 0.03094
1971.0; 72.156; 20.35; 0.01017; -0.28421; 1.08617; 0.02099
1974.0; 72.297; 20.23; 0.02300; -0.25101; 1.32173; 0.00196
1977.0; 72.435; 23.35; 0.02194; -0.44260; 1.48105; -0.02088
1980.0; 72.559; 23.05; 0.03566; -0.28029; 1.51848; -0.06347
1983.0; 72.682; 19.16; 0.04065; -0.15146; 1.45332; -0.08438
1986.0; 72.830; 22.89; 0.00912; -0.72569; 1.22769; -0.06918
1989.0; 72.953; 22.63; 0.03633; -0.27888; 1.09145; -0.06693
1992.0; 73.075; 22.56; 0.03316; -0.29273; 0.96847; -0.06216
1995.0; 73.195; 22.66; 0.03992; -0.19210; 0.93348; -0.04067
1998.0; 73.319; 22.26; 0.03564; -0.34042; 0.99515; -0.02989
2001.0; 73.444; 22.50; 0.03483; -0.36851; 1.14122; -0.03765
2004.0; 73.573; 22.95; 0.09235; -0.90116; 1.34047; -0.06144
2007.0; 73.700; 23.97; 0.11221; -0.71025; 1.35197; -0.05452
2010.0; 73.828; 16.58; 0.03431; -0.26400; 1.29439; -0.05122
2013.0; 73.996; 19.15; 0.02433; -0.42258; 1.00941; -0.06272
2016.0; 74.137; 21.36; 0.02191; -0.34240; 0.88170; -0.03392
2019.0; 74.266; 25.65; 0.01467; -0.31237; 0.78781; -0.02768
2022.0; 74.376; 29.57; 0.00782; -0.25860; 0.69668; -0.03098
2025.0; 74.475; 31.19; 0.00328; -0.17042; 0.59429; -0.03104
2028.0; 74.572; 31.27; -0.00042; -0.09953; 0.49207; -0.02627
2031.0; 74.669; 31.01; 0.00115; -0.05380; 0.40503; -0.02004
2034.0; 74.766; 30.81; 0.00273; -0.01949; 0.34247; -0.01525
2037.0; 74.865; 30.67; -0.00377; 0.00676; 0.30051; -0.01263
2040.0; 74.963; 30.58; -0.00272; 0.02149; 0.27045; -0.01128
2043.0; 75.062; 30.52; -0.00232; 0.02845; 0.24746; -0.01004
2046.0; 75.161; 30.48; -0.00222; 0.02975; 0.22978; -0.00867
2049.0; 75.260; 30.44; -0.00225; 0.02902; 0.21635; -0.00736
2052.0; 75.359; 30.39; -0.00233; 0.02743; 0.20601; -0.00619
2055.0; 75.459; 30.33; -0.00247; 0.02518; 0.19764; -0.00521
2058.0; 75.558; 30.25; -0.00267; 0.02263; 0.19044; -0.00439
2061.0; 75.658; 30.15; -0.00300; 0.01980; 0.18391; -0.00369
2064.0; 75.759; 30.04; -0.00356; 0.01651; 0.17774; -0.00311
2067.0; 75.859; 29.93; -0.00515; 0.01287; 0.17196; -0.00267
2070.0; 75.960; 30.31; -0.00234; 0.03369; 0.14706; -0.00125
2073.0; 76.059; 30.32; 0.00126; 0.04708; 0.15342; 0.00275
2076.0; 76.159; 30.28; 0.00058; -0.03157; 0.16241; 0.00404
2079.0; 76.259; 30.27; 0.00233; -0.02564; 0.16592; 0.00233
2082.0; 76.358; 30.27; 0.00327; -0.02043; 0.16736; 0.00161
2085.0; 76.458; 30.27; 0.00312; -0.01945; 0.16904; 0.00143
2088.0; 76.558; 30.24; 0.00277; -0.02236; 0.17162; 0.00136
2091.0; 76.658; 30.18; 0.00233; -0.02927; 0.17424; 0.00093
2094.0; 76.758; 30.05; 0.00180; -0.03938; 0.17511; -0.00031
2097.0; 76.859; 29.84; 0.00123; -0.05096; 0.17119; -0.00280
2100.0; 76.960; 29.50; 0.00074; -0.06088; 0.15833; -0.00696
2103.0; 77.063; 28.99; 0.00043; -0.06684; 0.13068; -0.01307
2106.0; 77.168; 28.22; 0.00038; -0.06721; 0.08025; -0.02112
2109.0; 77.276; 27.07; 0.00053; 0.07621; 0.01840; -0.02420
2112.0; 77.388; 25.62; 0.00331; 0.12593; -0.04093; -0.02215
2115.0; 77.507; 23.99; 0.00568; 0.16705; -0.12142; -0.02370
2118.0; 77.632; 22.47; 0.00192; 0.20831; -0.24807; -0.02985
2121.0; 77.763; 21.32; -0.00471; 0.23363; -0.44456; -0.03965
2124.0; 77.898; 20.92; -0.01489; 0.23523; -0.73221; -0.05211
2127.0; 78.028; 19.74; -0.00397; 0.52828; -1.02498; -0.02474
2130.0; 78.171; 23.31; -0.01746; 0.54749; -1.21298; 0.01982
2133.0; 78.295; 22.13; -0.06421; -0.11119; -1.37039; 0.11814
2136.0; 78.418; 19.09; -0.09618; 0.96723; -1.27631; 0.13407
2139.0; 78.543; 20.67; -0.10815; 0.90814; -1.27079; 0.11254
2142.0; 78.669; 21.84; -0.10519; 0.80119; -1.36069; 0.09699
2145.0; 78.806; 18.09; -0.10773; 0.57972; -1.19870; 0.09564
2148.0; 78.954; 18.95; -0.01992; 0.43432; -0.93015; 0.07990
2151.0; 79.099; 22.30; -0.01773; 0.37057; -0.65195; 0.05483
2154.0; 79.222; 26.98; -0.01019; 0.32462; -0.44606; 0.03140
2157.0; 79.331; 27.65; -0.00419; 0.15355; -0.29551; 0.01314
2160.0; 79.441; 25.91; -0.00559; -0.03475; -0.17575; 0.00085
2163.0; 79.558; 23.98; -0.00471; -0.15684; -0.09436; -0.00335
2166.0; 79.683; 22.46; 0.00043; -0.21978; -0.01011; -0.00246
2169.0; 79.814; 21.40; 0.00533; -0.24407; 0.07855; -0.00410
2172.0; 79.949; 20.75; 0.00927; -0.25012; 0.15144; -0.01234
2175.0; 80.089; 20.47; 0.01178; -0.25162; 0.18690; -0.02397
2178.0; 80.229; 20.53; 0.01319; -0.25151; 0.18068; -0.03320
2181.0; 80.369; 20.93; 0.01399; -0.24684; 0.14737; -0.03581
2184.0; 80.505; 21.68; 0.01426; -0.23702; 0.10827; -0.03182
2187.0; 80.636; 22.87; 0.01372; -0.22532; 0.07499; -0.02518
2190.0; 80.760; 24.58; 0.01227; -0.21404; 0.04577; -0.01942
2193.0; 80.876; 26.73; 0.01020; -0.19917; 0.01610; -0.01545
2196.0; 80.984; 28.86; 0.00808; -0.17129; -0.01564; -0.01293
2199.0; 81.086; 30.38; 0.00620; -0.12781; -0.05083; -0.01161
2202.0; 81.183; 31.09; 0.00435; -0.08202; -0.09144; -0.01101
2205.0; 81.280; 31.21; 0.00210; -0.05052; -0.13699; -0.01012
2208.0; 81.377; 31.04; 0.00166; -0.04204; -0.18263; -0.00820
2211.0; 81.474; 30.83; 0.00207; -0.03223; -0.22357; -0.00588
2214.0; 81.572; 30.66; 0.00263; -0.01996; -0.25372; -0.00350
2217.0; 81.671; 30.53; 0.00320; -0.00866; -0.27184; -0.00158
2220.0; 81.770; 30.44; -0.00337; -0.00253; -0.28181; -0.00057
2223.0; 81.869; 30.40; -0.00747; -0.00141; -0.28749; -0.00040
2226.0; 81.968; 30.37; -0.00470; 0.00080; -0.29216; -0.00040
2229.0; 82.068; 30.34; -0.00398; 0.00221; -0.29647; -0.00033
2232.0; 82.167; 30.29; -0.00374; 0.00300; -0.30033; -0.00018
2235.0; 82.267; 30.20; -0.00369; 0.00332; -0.30370; -0.00001
2238.0; 82.367; 30.05; -0.00375; 0.00332; -0.30666; 0.00016
2241.0; 82.468; 29.81; -0.00394; 0.00319; -0.30940; 0.00033
2244.0; 82.570; 29.43; -0.00436; 0.00299; -0.31191; 0.00056
2247.0; 82.673; 28.89; -0.00546; -0.00424; -0.31468; 0.00063
2250.0; 82.777; 28.62; -0.01184; -0.01047; -0.31286; 0.00048
2253.0; 82.883; 28.30; -0.00930; -0.00037; -0.31482; 0.00066
2256.0; 82.990; 27.77; -0.00184; 0.00314; -0.31577; 0.00136
2259.0; 83.099; 27.21; -0.00050; 0.00615; -0.31551; 0.00235
2262.0; 83.203; 30.70; -0.00241; -0.01600; -0.31805; 0.00216
2265.0; 83.299; 31.83; 0.00056; 0.00477; -0.31884; 0.00155
2268.0; 83.394; 31.23; -0.00232; 0.00941; -0.31209; 0.00188
2271.0; 83.491; 30.64; -0.00008; -0.02138; -0.30686; 0.00041
2274.0; 83.590; 30.04; 0.00010; 0.02241; -0.30316; -0.00127
2277.0; 83.691; 29.30; 0.00045; -0.01369; -0.30229; -0.00372
2280.0; 83.794; 28.39; 0.00058; 0.03112; -0.30675; -0.00723
2283.0; 83.902; 27.14; 0.00157; 0.01841; -0.31697; -0.01072
2286.0; 84.014; 25.53; 0.00243; 0.03179; -0.33886; -0.01559
2289.0; 84.134; 23.69; 0.00369; 0.07660; -0.36694; -0.01732
2292.0; 84.274; 21.17; 0.01173; 0.12169; -0.37523; -0.01064
2295.0; 84.435; 18.86; 0.00827; 0.10247; -0.36633; -0.00302
2298.0; 84.605; 15.57; 0.00996; 0.07517; -0.34673; 0.00307
2301.0; 84.763; 27.89; 0.00334; 0.06161; -0.33031; 0.00305
2304.0; 84.871; 27.46; 0.00260; 0.04406; -0.32174; 0.00206
2307.0; 84.972; 31.11; 0.00206; 0.03614; -0.31768; 0.00078
2310.0; 85.069; 30.71; 0.00101; 0.02801; -0.32087; -0.00015
2313.0; 85.167; 30.11; 0.00171; 0.02279; -0.32771; -0.00077
2316.0; 85.264; 31.98; 0.00074; 0.03392; -0.33752; -0.00006
2319.0; 85.362; 30.37; 0.00074; 0.01374; -0.34699; 0.00090
2322.0; 85.461; 30.50; 0.00001; -0.00679; -0.35549; 0.00221
2325.0; 85.560; 30.26; 0.00027; -0.00793; -0.36369; 0.00447
2328.0; 85.660; 29.94; 0.00085; -0.00116; -0.36371; 0.00925
