# s_m; t_s; f_x_f_N; f_y_f_N; f_z_f_N;f_x_r_N; f_y_r_N; f_z_r_N;
0.0; 0.000; -5898.6; 637709.3; -899439.7; -497.8; 634113.5; -900176.7
3.0; 0.101; -6304.9; -15847.9; 43577.3; -794.5; -12530.5; 42660.4
6.0; 0.203; -5958.8; 333479.7; -474390.3; -551.8; 338647.1; -475160.7
9.0; 0.314; -5979.0; -4766972.4; -3585603.4; -569.9; 2548551.0; -3586403.8
12.0; 0.441; -6057.9; -29095237.7; -3864751.1; -640.5; -15674226.3; -3865606.6
15.0; 0.586; -6086.3; -32843672.4; -4587598.0; -665.9; -22561848.2; -4588478.7
18.0; 0.744; -6102.4; -42859154.5; -4350017.3; -680.3; -34795089.9; -4350916.1
21.0; 0.915; -6079.4; -58579445.0; -5173380.5; -659.8; -49341445.7; -5174274.0
24.0; 1.091; -6074.4; -65483312.5; -5497822.2; -655.2; -57803539.7; -5498714.2
27.0; 1.259; -6075.3; -51770530.4; -5736155.1; -656.1; -47207145.5; -5737032.8
30.0; 1.394; -6068.4; -30822938.9; -4886608.6; -649.8; -22842356.7; -4887451.1
33.0; 1.501; -6038.2; -11829336.6; -3643897.5; -622.9; -6601357.1; -3644698.1
36.0; 1.599; -5999.0; -2823175.3; -2388241.8; -587.8; -1694162.9; -2389017.8
39.0; 1.695; -5964.2; -1121427.7; -1591513.3; -556.6; -1129426.9; -1592273.7
42.0; 1.792; -5937.7; -760615.5; -1079325.6; -532.9; -765830.4; -1080075.7
45.0; 1.890; -5921.7; -504187.2; -715491.7; -518.5; -507897.9; -716236.4
48.0; 1.990; -5916.4; 295772.8; -416847.3; -513.8; 293614.8; -417591.5
51.0; 2.090; -5918.7; 126241.6; -178103.6; -515.9; 126169.4; -178850.8
54.0; 2.191; -3455.3; 2511.0; -5956.7; 2015.3; 2424.0; -5437.3
57.0; 2.291; -5810.1; 78831.2; 109705.1; -419.3; 71878.2; 109011.3
60.0; 2.392; -5850.9; 131125.1; 184273.8; -455.1; 126859.2; 183561.0
63.0; 2.492; -5861.0; 170051.7; 239403.2; -464.1; 166508.3; 238685.9
66.0; 2.592; -5868.2; 205505.1; 289526.9; -470.6; 202222.6; 288806.3
69.0; 2.692; -5874.2; 239188.1; 337127.9; -475.9; 236013.5; 336404.3
72.0; 2.792; -5879.9; 258096.3; 363879.5; -481.0; 255007.0; 363152.7
75.0; 2.892; -5887.0; 261738.5; 369181.3; -487.4; 258879.2; 368450.1
78.0; 2.993; -5897.3; 251904.7; 355712.0; -496.7; 249540.7; 354974.5
81.0; 3.095; -5911.0; 181272.0; 256675.4; -509.0; 177401.2; 255929.3
84.0; 3.198; -5860.7; 62034.0; 88759.7; -464.2; 52202.8; 88035.7
87.0; 3.301; -6010.3; 36112.5; -51876.2; -598.3; 35644.8; -52670.1
90.0; 3.404; -5828.3; 92734.6; -132189.3; -434.6; 93183.5; -132893.4
93.0; 3.505; -5846.6; 119932.9; -170246.3; -451.1; 120097.3; -170957.7
96.0; 3.606; -5859.9; 132274.2; -187304.0; -463.1; 131974.3; -188020.9
99.0; 3.706; -5868.1; 138107.3; -195199.6; -470.5; 137346.3; -195919.8
102.0; 3.806; -5872.8; 141156.7; -199187.2; -474.8; 139954.6; -199909.3
105.0; 3.905; -5875.5; 142960.8; -201432.0; -477.2; 141335.2; -202155.2
108.0; 4.005; -5876.9; 144156.3; -202829.0; -478.5; 142121.9; -203552.8
111.0; 4.104; -5877.7; 145021.0; -203769.0; -479.2; 142591.2; -204493.1
114.0; 4.203; -5878.1; 145687.5; -204438.7; -479.6; 142875.8; -205162.9
117.0; 4.303; -5878.3; 146224.2; -204935.9; -479.8; 143045.7; -205660.2
120.0; 4.402; -5878.4; 146668.7; -205315.8; -479.8; 143142.8; -206040.1
123.0; 4.502; -5878.3; 147042.6; -205611.5; -479.8; 143192.4; -206335.8
126.0; 4.601; -5878.2; 147359.1; -205843.7; -479.8; 143210.8; -206568.0
129.0; 4.701; -5878.1; 147625.1; -206025.1; -479.7; 143208.4; -206749.4
132.0; 4.800; -5878.0; 147844.2; -206164.2; -479.5; 143193.5; -206888.4
135.0; 4.899; -5877.8; 148018.3; -206267.6; -479.4; 143173.2; -206991.8
138.0; 4.999; -5877.7; 148149.8; -206341.3; -479.3; 143152.3; -207065.5
141.0; 5.098; -5877.6; 148242.3; -206391.4; -479.2; 143136.9; -207115.5
144.0; 5.198; -5877.5; 148301.0; -206424.3; -479.1; 143130.8; -207148.4
147.0; 5.297; -5877.4; 148331.9; -206444.7; -479.0; 143134.1; -207168.7
150.0; 5.397; -5877.4; 148339.9; -206454.6; -479.0; 143143.8; -207178.6
153.0; 5.496; -5877.5; 148328.7; -206453.1; -479.1; 143154.7; -207177.1
156.0; 5.596; -5877.6; 148299.2; -206437.5; -479.1; 143161.7; -207161.6
159.0; 5.695; -5877.7; 148252.0; -206405.9; -479.3; 143162.2; -207130.1
162.0; 5.794; -5877.8; 148190.8; -206360.0; -479.4; 143155.6; -207084.2
165.0; 5.894; -5878.0; 148122.6; -206304.5; -479.5; 143142.5; -207028.8
168.0; 5.993; -5878.1; 148054.5; -206244.7; -479.6; 143123.5; -206969.0
171.0; 6.093; -5878.2; 147991.4; -206184.9; -479.7; 143099.8; -206909.2
174.0; 6.192; -5878.3; 147935.6; -206127.6; -479.8; 143072.9; -206852.0
177.0; 6.291; -5878.3; 147886.4; -206074.6; -479.8; 143046.0; -206799.0
180.0; 6.391; -5878.3; 147842.6; -206027.4; -479.8; 143022.9; -206751.8
183.0; 6.490; -5878.3; 147804.2; -205988.3; -479.8; 143006.6; -206712.7
186.0; 6.590; -5878.3; 147770.9; -205957.4; -479.8; 142997.1; -206681.9
189.0; 6.689; -5878.3; 147739.3; -205930.9; -479.8; 142991.7; -206655.3
192.0; 6.788; -5878.3; 147703.5; -205901.8; -479.8; 142986.1; -206626.2
195.0; 6.888; -5878.4; 147660.2; -205865.2; -479.9; 142976.4; -206589.7
198.0; 6.987; -5878.5; 147610.1; -205818.6; -479.9; 142958.3; -206543.2
201.0; 7.087; -5878.6; 147553.8; -205760.3; -480.0; 142928.8; -206484.9
204.0; 7.186; -5878.7; 147493.9; -205691.7; -480.1; 142888.4; -206416.3
207.0; 7.286; -5878.8; 147434.9; -205618.9; -480.2; 142841.9; -206343.6
210.0; 7.385; -5878.8; 147381.1; -205550.4; -480.2; 142797.8; -206275.1
213.0; 7.485; -5878.8; 147335.1; -205495.6; -480.2; 142767.9; -206220.4
216.0; 7.584; -5878.7; 147297.4; -205462.8; -480.2; 142763.2; -206187.5
219.0; 7.683; -5878.7; 147263.5; -205453.9; -480.1; 142790.2; -206178.5
222.0; 7.783; -5878.7; 147224.1; -205462.8; -480.1; 142848.2; -206187.5
225.0; 7.882; -5878.7; 147165.2; -205475.8; -480.1; 142929.7; -206200.5
228.0; 7.982; -5878.9; 147069.2; -205472.8; -480.3; 143022.1; -206197.6
231.0; 8.081; -5879.1; 146917.1; -205431.0; -480.4; 143112.4; -206155.9
234.0; 8.181; -5879.3; 146690.7; -205325.7; -480.6; 143184.4; -206050.7
237.0; 8.281; -5879.6; 146374.6; -205131.5; -480.8; 143218.8; -205856.6
240.0; 8.380; -5879.8; 145960.2; -204827.4; -481.0; 143196.2; -205552.7
243.0; 8.480; -5879.9; 145450.7; -204399.7; -481.1; 143094.2; -205124.9
246.0; 8.579; -5880.0; 144854.8; -203836.1; -481.2; 142886.5; -204561.4
249.0; 8.679; -5880.0; 144169.0; -203111.3; -481.2; 142540.0; -203836.6
252.0; 8.778; -5880.0; 143356.9; -202169.8; -481.2; 142013.0; -202895.2
255.0; 8.878; -5880.0; 142343.3; -200912.7; -481.2; 141240.5; -201638.1
258.0; 8.977; -5880.0; 141014.6; -199181.0; -481.1; 140109.8; -199906.3
261.0; 9.077; -5879.9; 139202.9; -196739.2; -481.0; 138454.9; -197464.5
264.0; 9.176; -5879.7; 136662.8; -193241.9; -480.9; 136030.2; -193967.1
267.0; 9.276; -5879.4; 133018.4; -188155.0; -480.7; 132452.1; -188880.1
270.0; 9.375; -5879.0; 127663.9; -180618.7; -480.2; 127101.8; -181343.4
273.0; 9.475; -5878.1; 119588.4; -169202.9; -479.4; 118948.0; -169927.0
276.0; 9.574; -5876.5; 107140.2; -151577.0; -478.1; 106287.5; -152299.9
279.0; 9.673; -5874.8; 87728.0; -124084.9; -476.6; 86193.5; -124806.4
282.0; 9.772; -5892.6; 57300.6; -80931.0; -493.5; 50355.8; -81660.0
285.0; 9.870; -5729.9; 15093.9; -22860.4; -348.4; 15971.5; -23512.3
288.0; 9.969; -5899.4; 100506.0; -143181.0; -498.5; 101152.6; -143914.6
291.0; 10.068; -5887.1; -675313.9; -954705.7; -487.6; -675150.5; -955434.0
294.0; 10.168; -5883.9; -221471.4; -313297.3; -484.7; -221268.6; -314024.4
297.0; 10.267; -5882.5; -134741.6; -190955.9; -483.5; -134596.7; -191682.6
300.0; 10.367; -5882.1; -92327.0; -131180.3; -483.1; -92290.5; -131906.9
303.0; 10.466; -5880.3; -97540.7; -138589.7; -481.5; -97588.6; -139315.6
306.0; 10.566; -5878.7; -112679.8; -159901.2; -480.1; -112692.6; -160626.3
309.0; 10.666; -5878.3; -124606.5; -176551.3; -479.8; -124393.0; -177276.2
312.0; 10.766; -5878.5; -132094.6; -186848.6; -479.9; -131514.1; -187573.6
315.0; 10.865; -5878.7; -136585.4; -192875.2; -480.2; -135571.5; -193600.3
318.0; 10.965; -5879.0; -139336.1; -196432.0; -480.4; -137865.0; -197157.2
321.0; 11.065; -5879.1; -141097.8; -198606.8; -480.6; -139188.4; -199332.2
324.0; 11.165; -5879.1; -142267.9; -199982.0; -480.6; -139971.1; -200707.3
327.0; 11.264; -5879.0; -143056.8; -200870.7; -480.5; -140447.3; -201596.0
330.0; 11.364; -5878.8; -143578.0; -201445.1; -480.3; -140746.9; -202170.3
333.0; 11.464; -5878.5; -143895.8; -201802.0; -480.1; -140941.6; -202527.0
336.0; 11.564; -5878.2; -144046.9; -201993.0; -479.9; -141066.5; -202717.9
339.0; 11.664; -5878.0; -144049.4; -202035.6; -479.7; -141127.2; -202760.4
342.0; 11.763; -5877.8; -143913.9; -201925.5; -479.5; -141106.1; -202650.3
345.0; 11.863; -5877.7; -143639.3; -201628.8; -479.5; -140955.7; -202353.5
348.0; 11.963; -5877.8; -143197.2; -201078.6; -479.6; -140610.7; -201803.4
351.0; 12.063; -5878.1; -142508.3; -200162.7; -479.9; -139993.9; -200887.7
354.0; 12.163; -5878.8; -141483.4; -198746.5; -480.5; -139004.6; -199472.0
357.0; 12.263; -5880.3; -140141.1; -196831.5; -481.9; -137625.3; -197558.0
360.0; 12.363; -5883.1; -138893.6; -194950.0; -484.4; -136194.6; -195678.5
363.0; 12.463; -5888.0; -138696.1; -194363.8; -488.9; -135541.9; -195095.6
366.0; 12.564; -5896.2; -140081.4; -195774.7; -496.2; -136135.8; -196512.0
369.0; 12.666; -5908.9; -142173.1; -198040.1; -507.7; -137269.6; -198786.1
372.0; 12.769; -5928.4; -143715.9; -199697.4; -525.3; -138209.5; -200456.4
375.0; 12.875; -5960.0; -143746.4; -199979.0; -553.5; -138812.9; -200758.3
378.0; 12.984; -6012.6; -141814.4; -199528.8; -600.2; -139960.6; -200339.9
381.0; 13.097; -6091.5; -267618.3; -199567.1; -670.6; -183549.4; -200422.9
384.0; 13.215; -6196.9; -423542.4; -199773.7; -765.4; -319278.9; -200687.1
387.0; 13.338; -6329.0; -599198.2; -199571.5; -884.6; -472319.2; -200555.1
390.0; 13.466; -6482.5; -777102.2; -198742.9; -1022.3; -636115.0; -199806.3
393.0; 13.601; -6637.4; -936540.8; -197481.7; -1158.0; -794342.8; -198624.4
396.0; 13.743; -6769.2; -1064140.1; -196051.6; -1271.0; -932039.5; -197261.9
399.0; 13.895; -6867.8; -1155732.9; -194531.7; -1349.9; -1040880.5; -195792.4
402.0; 14.059; -6916.5; -1215415.3; -192986.8; -1386.1; -1120754.5; -194272.3
405.0; 14.231; -6884.9; -1255180.4; -191807.8; -1370.7; -1180410.5; -193080.6
408.0; 14.399; -6788.8; -1288210.8; -191180.6; -1299.6; -1230210.3; -192406.6
411.0; 14.552; -6707.7; -1335159.7; -193150.4; -1226.9; -1287740.1; -194329.1
414.0; 14.682; -6806.5; -1379755.6; -195777.9; -1315.4; -1340671.1; -196989.3
417.0; 14.795; -8602.5; -1415606.6; -197858.7; -2936.0; -1386728.2; -199937.6
420.0; 14.910; -8419.2; -1454932.0; -200646.6; -2769.8; -1423341.0; -202638.7
423.0; 15.029; -8858.4; -1483000.8; -202700.2; -3170.3; -1443589.1; -204937.0
426.0; 15.219; -6586.6; -1486162.6; -204253.8; -1094.6; -1425395.0; -205384.4
429.0; 15.391; -6707.5; -1447271.6; -203857.7; -1188.5; -1368442.2; -205037.2
432.0; 15.548; -6694.9; -1370233.6; -203030.6; -1182.0; -1273974.2; -204198.8
435.0; 15.691; -6622.5; -1257987.6; -202474.5; -1131.7; -1147012.8; -203603.3
438.0; 15.822; -6516.0; -1117500.9; -202924.4; -1045.4; -997663.9; -203993.5
441.0; 15.942; -6390.6; -955440.2; -203900.5; -936.7; -834536.8; -204897.6
444.0; 16.054; -6263.7; -783622.7; -204644.9; -825.1; -669841.5; -205569.4
447.0; 16.158; -6154.6; -618701.2; -205183.9; -727.3; -518166.6; -206046.4
450.0; 16.259; -6071.8; -473605.0; -205695.0; -653.0; -388666.6; -206511.9
453.0; 16.357; -6012.6; -353862.3; -206255.8; -599.9; -282754.4; -207041.5
456.0; 16.455; -5970.0; -257926.3; -206775.7; -561.6; -196340.2; -207540.1
459.0; 16.553; -5939.7; -181751.4; -207180.1; -534.4; -146509.2; -207930.2
462.0; 16.650; -5918.2; -148033.1; -207464.4; -515.2; -145684.8; -208204.8
465.0; 16.748; -5901.9; -148918.2; -207668.3; -500.8; -144883.6; -208401.7
468.0; 16.847; -5890.9; -149470.9; -207810.0; -491.1; -144355.1; -208538.8
471.0; 16.946; -5884.1; -149795.7; -207892.5; -485.0; -144027.0; -208618.6
474.0; 17.045; -5879.8; -149959.3; -207927.6; -481.1; -143830.5; -208652.0
477.0; 17.144; -5877.3; -150040.1; -207937.3; -478.9; -143714.0; -208660.7
480.0; 17.243; -5875.9; -150091.8; -207943.6; -477.6; -143645.0; -208666.4
483.0; 17.342; -5875.3; -150135.4; -207943.5; -477.1; -143592.8; -208666.2
486.0; 17.442; -5875.1; -150171.9; -207925.7; -477.0; -143534.6; -208648.5
489.0; 17.541; -5875.4; -150198.0; -207884.1; -477.2; -143460.8; -208607.0
492.0; 17.640; -5875.7; -150212.2; -207819.7; -477.5; -143370.8; -208542.8
495.0; 17.740; -5876.2; -150220.2; -207744.8; -477.9; -143274.3; -208468.2
498.0; 17.839; -5876.5; -150224.0; -207665.2; -478.1; -143176.1; -208388.7
501.0; 17.939; -5876.7; -150229.2; -207594.6; -478.2; -143086.3; -208318.3
504.0; 18.038; -5876.7; -150236.4; -207535.7; -478.2; -143006.6; -208259.5
507.0; 18.138; -5876.6; -150251.3; -207497.9; -478.1; -142944.4; -208221.6
510.0; 18.238; -5876.3; -150269.0; -207474.6; -477.9; -142896.0; -208198.3
513.0; 18.337; -5876.2; -150287.6; -207464.1; -477.7; -142861.4; -208187.7
516.0; 18.437; -5876.0; -150298.6; -207452.2; -477.6; -142830.2; -208175.8
519.0; 18.536; -5875.9; -150300.9; -207435.0; -477.5; -142798.6; -208158.7
522.0; 18.636; -5875.8; -150291.3; -207405.4; -477.4; -142760.5; -208129.0
525.0; 18.736; -5875.7; -150273.2; -207365.9; -477.4; -142717.1; -208089.5
528.0; 18.836; -5875.6; -150248.6; -207317.8; -477.3; -142668.9; -208041.4
531.0; 18.935; -5875.4; -150221.1; -207267.0; -477.1; -142620.8; -207990.5
534.0; 19.035; -5875.2; -150192.1; -207217.0; -476.9; -142577.0; -207940.5
537.0; 19.135; -5874.9; -150164.4; -207173.4; -476.7; -142542.3; -207896.7
540.0; 19.235; -5874.5; -150138.3; -207139.1; -476.4; -142520.2; -207862.3
543.0; 19.334; -5874.1; -150114.5; -207117.4; -476.0; -142514.0; -207840.4
546.0; 19.434; -5873.7; -150093.3; -207109.5; -475.7; -142524.4; -207832.4
549.0; 19.534; -5873.4; -150073.2; -207115.1; -475.4; -142551.4; -207837.7
552.0; 19.634; -5873.0; -150050.5; -207131.0; -475.1; -142593.6; -207853.4
555.0; 19.734; -5872.7; -150022.5; -207154.2; -474.8; -142648.6; -207876.4
558.0; 19.833; -5872.4; -149986.7; -207180.2; -474.6; -142712.0; -207902.2
561.0; 19.933; -5872.2; -149940.8; -207203.2; -474.4; -142778.1; -207925.0
564.0; 20.033; -5872.1; -149882.8; -207215.8; -474.3; -142840.2; -207937.5
567.0; 20.132; -5872.1; -149810.4; -207211.2; -474.3; -142890.8; -207932.8
570.0; 20.232; -5872.2; -149723.8; -207183.0; -474.5; -142921.9; -207904.7
573.0; 20.332; -5872.7; -149630.4; -207129.4; -474.8; -142924.5; -207851.2
576.0; 20.431; -5873.4; -149543.6; -207052.1; -475.5; -142889.9; -207774.4
579.0; 20.531; -5874.7; -149480.2; -206959.6; -476.7; -142816.5; -207682.8
582.0; 20.631; -5876.9; -149456.2; -206866.0; -478.7; -142712.3; -207590.7
585.0; 20.731; -5880.6; -149474.8; -206784.6; -482.0; -142598.5; -207511.8
588.0; 20.831; -5886.6; -149501.9; -206712.0; -487.4; -142510.6; -207443.4
591.0; 20.933; -5896.5; -149452.3; -206628.0; -496.2; -142511.8; -207366.2
594.0; 21.035; -5912.6; -149174.9; -206533.9; -510.5; -142742.0; -207282.5
597.0; 21.139; -5937.6; -148375.0; -206485.1; -532.7; -143454.8; -207249.4
600.0; 21.245; -5974.7; -186084.1; -206509.7; -565.7; -145343.7; -207296.2
603.0; 21.353; -6027.9; -271426.2; -206518.2; -613.3; -187365.9; -207335.0
606.0; 21.465; -6098.1; -372837.1; -206364.9; -676.3; -276368.4; -207220.4
609.0; 21.580; -6184.5; -487801.3; -205953.0; -754.1; -375616.4; -206855.3
612.0; 21.699; -6284.1; -610024.4; -205247.7; -843.7; -482929.5; -206202.9
615.0; 21.822; -6390.6; -730865.9; -204295.0; -939.4; -593048.9; -205306.2
618.0; 21.950; -6495.4; -842470.2; -203213.3; -1033.6; -699332.6; -204279.2
621.0; 22.081; -6589.8; -939498.5; -202141.2; -1118.2; -795866.8; -203256.1
624.0; 22.218; -6667.6; -1019610.3; -201262.2; -1186.1; -878794.6; -202417.1
627.0; 22.358; -6723.5; -1082488.1; -200757.3; -1232.5; -945947.5; -201940.1
630.0; 22.501; -6754.6; -1127420.4; -200590.5; -1256.4; -994966.8; -201788.1
633.0; 22.645; -6760.0; -1153431.7; -200762.0; -1257.9; -1023572.9; -201960.6
636.0; 22.789; -6738.8; -1157840.0; -201256.9; -1237.3; -1028556.8; -202442.6
639.0; 22.928; -6689.4; -1135558.0; -202052.6; -1193.7; -1005369.7; -203210.7
642.0; 23.061; -6608.5; -1080688.9; -203174.4; -1124.1; -949730.7; -204287.7
645.0; 23.186; -6495.9; -988257.1; -204403.1; -1027.5; -858765.4; -205453.7
648.0; 23.301; -6359.7; -857914.7; -205289.5; -909.2; -734945.8; -206263.5
651.0; 23.408; -6218.5; -699041.0; -205798.7; -784.6; -589556.4; -206693.7
654.0; 23.510; -6099.9; -529059.1; -206121.5; -678.3; -439154.5; -206951.5
657.0; 23.608; -6014.7; -367796.9; -206481.7; -601.9; -298803.5; -207267.1
660.0; 23.705; -5960.1; -226555.0; -206933.1; -552.9; -173879.1; -207691.6
663.0; 23.802; -5927.6; -147975.7; -207357.8; -523.8; -146646.4; -208101.5
666.0; 23.900; -5909.9; -147728.7; -207603.7; -507.9; -145822.2; -208340.1
669.0; 23.998; -5899.7; -147989.7; -207584.6; -498.8; -145262.5; -208317.2
672.0; 24.097; -5892.7; -147786.2; -207284.5; -492.5; -144904.3; -208014.5
675.0; 24.196; -5887.5; -147238.3; -206700.5; -487.8; -144570.0; -207428.5
678.0; 24.295; -5883.9; -146406.0; -205790.7; -484.6; -144091.1; -206517.3
681.0; 24.394; -5881.7; -145265.3; -204445.3; -482.7; -143315.5; -205171.0
684.0; 24.493; -5880.4; -143673.6; -202422.8; -481.5; -142034.6; -203148.0
687.0; 24.593; -5879.8; -141251.2; -199185.5; -480.9; -139861.0; -199910.4
690.0; 24.692; -5879.5; -137136.6; -193532.5; -480.7; -135947.0; -194257.4
693.0; 24.791; -5879.5; -129673.6; -183163.2; -480.7; -128655.1; -183888.1
696.0; 24.891; -5879.0; -112914.5; -159733.9; -480.2; -112723.9; -160458.6
699.0; 24.990; -5879.0; 137744.7; -194939.9; -480.2; 137509.8; -195664.7
702.0; 25.090; -5883.7; 77352.5; -109375.0; -484.6; 76389.7; -110102.2
705.0; 25.190; -5881.3; 115770.5; -163119.8; -482.4; 114098.3; -163846.0
708.0; 25.289; -5881.9; 133763.8; -187754.5; -483.0; 131072.5; -188481.3
711.0; 25.389; -5884.4; 142029.1; -198481.6; -485.3; 138013.7; -199210.1
714.0; 25.489; -5887.8; 145949.9; -202999.2; -488.4; 140497.7; -203730.2
717.0; 25.590; -5892.1; 147991.3; -204907.8; -492.3; 141203.1; -205642.1
720.0; 25.691; -5897.6; 149058.9; -205659.9; -497.2; 141300.6; -206398.6
723.0; 25.793; -5906.3; 149377.0; -205823.5; -505.0; 141335.9; -206568.8
726.0; 25.896; -5920.5; 149176.0; -205641.9; -517.7; 141673.7; -206397.0
729.0; 26.001; -5942.4; 180294.6; -205316.8; -537.2; 144096.8; -206085.8
732.0; 26.108; -5975.2; 262544.0; -205038.9; -566.6; 178126.0; -205826.8
735.0; 26.217; -6017.0; 348674.8; -204869.1; -604.2; 256099.9; -205680.2
738.0; 26.328; -6063.8; 434372.8; -204771.9; -646.2; 331899.4; -205608.0
741.0; 26.440; -6110.2; 513503.4; -204727.0; -687.9; 402136.8; -205587.2
744.0; 26.552; -6149.6; 579556.2; -204779.9; -723.2; 461935.9; -205660.0
747.0; 26.665; -6176.1; 627046.0; -204973.6; -747.0; 506207.0; -205866.0
750.0; 26.778; -6186.4; 652179.4; -205293.4; -756.1; 530906.9; -206189.0
753.0; 26.889; -6179.8; 653454.3; -205675.1; -750.2; 534140.3; -206564.3
756.0; 26.997; -6158.4; 631790.8; -206058.1; -730.9; 516582.9; -206932.7
759.0; 27.103; -6125.9; 589914.7; -206409.5; -701.7; 480915.3; -207263.5
762.0; 27.206; -6087.0; 531621.3; -206721.7; -666.8; 430910.2; -207552.0
765.0; 27.307; -6045.8; 461221.7; -207004.8; -629.9; 370617.0; -207811.0
768.0; 27.406; -6005.8; 382951.9; -207269.6; -594.1; 303556.9; -208053.5
771.0; 27.504; -5969.7; 300180.7; -207523.5; -561.6; 231862.0; -208288.4
774.0; 27.601; -5939.4; 214564.0; -207760.6; -534.5; 157721.2; -208510.4
777.0; 27.699; -5917.4; 147593.9; -207962.5; -514.7; 146641.2; -208702.2
780.0; 27.797; -5904.3; 148443.5; -208076.9; -502.9; 145849.6; -208811.1
783.0; 27.895; -5897.5; 148642.8; -208015.7; -496.8; 145246.0; -208747.6
786.0; 27.993; -5893.1; 148314.0; -207619.5; -492.9; 144836.2; -208350.0
789.0; 28.092; -5889.1; 147212.8; -206409.2; -489.2; 144163.7; -207138.1
792.0; 28.192; -5885.9; 143507.9; -201586.2; -486.3; 141496.0; -202314.0
795.0; 28.291; -5882.9; -150794.7; -214659.9; -483.5; -151937.0; -215386.5
798.0; 28.390; -5885.8; -57001.2; -81713.2; -485.8; -57482.7; -82441.1
801.0; 28.490; -5878.9; -104167.6; -148197.8; -480.0; -104538.6; -148922.5
804.0; 28.590; -5878.1; -126810.8; -179911.7; -479.2; -126955.6; -180636.0
807.0; 28.689; -5878.8; -135629.5; -192128.3; -480.0; -135483.7; -192853.0
810.0; 28.789; -5879.9; -138719.3; -196307.4; -480.9; -138325.5; -197032.7
813.0; 28.888; -5881.2; -139103.8; -196732.8; -482.1; -138542.8; -197459.0
816.0; 28.988; -5883.2; -137576.8; -194525.1; -483.9; -136933.4; -195252.7
819.0; 29.088; -5886.5; -133677.6; -189027.5; -486.9; -133022.6; -189757.3
822.0; 29.188; -5892.1; -125479.8; -177513.3; -491.9; -124843.6; -178246.7
825.0; 29.289; -5901.9; -107547.5; -152303.9; -500.8; -106542.6; -153043.4
828.0; 29.391; -5946.9; -59165.6; -84009.5; -542.0; -50000.1; -84772.5
831.0; 29.493; -6088.4; -25844.7; -36837.1; -675.7; -24830.6; -37668.4
834.0; 29.594; -5843.7; -479641.2; -679637.9; -448.5; -481229.1; -680348.1
837.0; 29.695; -5858.7; 322553.5; -455561.1; -461.9; 321741.6; -456277.6
840.0; 29.795; -5868.0; 191903.1; -271276.3; -470.3; 191350.3; -271996.7
843.0; 29.895; -5873.8; 129113.9; -182848.6; -475.5; 128820.0; -183571.3
846.0; 29.995; -5876.9; 108857.9; -154414.7; -478.3; 108734.8; -155138.7
849.0; 30.095; -5877.9; 107146.8; -152100.4; -479.2; 107156.4; -152824.9
852.0; 30.194; -5878.2; 110805.0; -157318.1; -479.4; 110904.2; -158042.6
855.0; 30.294; -5878.3; 114831.1; -163019.1; -479.5; 114971.6; -163743.6
858.0; 30.393; -5878.3; 117883.1; -167323.1; -479.6; 118028.7; -168047.6
861.0; 30.493; -5878.4; 119664.3; -169820.5; -479.7; 119792.1; -170545.1
864.0; 30.593; -5878.6; 120323.6; -170732.3; -479.8; 120425.6; -171456.9
867.0; 30.692; -5878.7; 119911.1; -170134.0; -479.9; 119987.4; -170858.7
870.0; 30.792; -5878.8; 118557.6; -168215.6; -480.0; 118615.1; -168940.4
873.0; 30.891; -5878.9; 116265.8; -164981.6; -480.2; 116312.8; -165706.5
876.0; 30.991; -5879.0; 113213.7; -160684.7; -480.3; 113260.1; -161409.7
879.0; 31.090; -5879.2; 109591.6; -155588.1; -480.4; 109641.2; -156313.2
882.0; 31.190; -5879.3; 105870.3; -150353.2; -480.5; 105923.9; -151078.4
885.0; 31.290; -5879.4; 102549.0; -145676.4; -480.6; 102600.9; -146401.6
888.0; 31.389; -5879.4; 100295.9; -142495.0; -480.6; 100334.5; -143220.2
891.0; 31.489; -5879.5; 99362.8; -141150.7; -480.7; 99360.1; -141876.1
894.0; 31.589; -5879.8; 99731.7; -141607.0; -481.0; 99639.9; -142332.5
897.0; 31.688; -5880.4; 100677.1; -142821.2; -481.6; 100418.7; -143547.2
900.0; 31.788; -5881.7; 101568.9; -143891.1; -482.8; 101039.8; -144617.9
903.0; 31.888; -5884.1; 101320.8; -143265.2; -485.0; 100384.2; -143993.5
906.0; 31.988; -5887.9; 99042.3; -139682.7; -488.5; 97532.6; -140413.4
909.0; 32.088; -5894.0; 92597.7; -130136.4; -494.1; 90277.1; -130870.6
912.0; 32.189; -5907.1; 77448.7; -108276.4; -506.2; 72920.7; -109017.8
915.0; 32.290; -5937.8; 43049.4; -59672.0; -537.1; 39797.4; -60428.8
918.0; 32.391; -5880.6; -126816.2; 180349.1; -481.8; 125203.6; 179620.7
921.0; 32.492; -5879.6; 68083.2; -99527.5; -480.0; -67657.4; -100255.0
924.0; 32.593; -5885.8; -65048.6; -89404.6; -488.3; -59972.3; -90135.2
927.0; 32.693; -5866.4; -101870.0; -141846.0; -469.4; -97741.2; -142566.5
930.0; 32.793; -5865.9; -125841.4; -176127.7; -468.9; -122489.8; -176847.6
933.0; 32.894; -5869.3; -136819.6; -191896.9; -471.8; -133916.2; -192618.1
936.0; 32.994; -5872.9; -141529.6; -198739.3; -475.0; -138938.9; -199462.1
939.0; 33.094; -5876.6; -143507.2; -201753.0; -478.4; -141263.5; -202477.9
942.0; 33.194; -5881.6; -144237.2; -203095.5; -482.9; -142461.6; -203823.5
945.0; 33.294; -5889.4; -144272.7; -203542.2; -489.9; -143062.1; -204275.3
948.0; 33.395; -5902.2; -143565.2; -203040.4; -501.3; -143085.9; -203781.9
951.0; 33.498; -5922.7; -145345.8; -206286.0; -519.7; -146465.1; -207040.9
954.0; 33.603; -5960.4; 125841.3; -176903.9; -553.6; 124157.7; -177682.2
957.0; 33.711; -6013.7; 140041.8; -197118.0; -601.3; 138401.0; -197928.9
960.0; 33.824; -6102.7; 183997.9; -201378.0; -680.7; 144235.2; -202240.0
963.0; 33.942; -6232.2; 410595.5; -201332.5; -796.8; 301309.0; -202265.1
966.0; 34.067; -6400.5; 666234.9; -200483.7; -947.8; 524538.0; -201504.5
969.0; 34.198; -6577.5; 905355.5; -197328.4; -1107.2; 755238.3; -198439.2
972.0; 34.331; -6718.4; 1085004.9; -193788.6; -1218.5; 954166.0; -194964.7
975.0; 34.462; -6769.2; 1188079.6; -190650.9; -1259.7; 1092224.9; -191851.7
978.0; 34.592; -7073.2; 1203208.4; -185105.0; -1545.1; 1142485.8; -186440.6
981.0; 34.708; -8259.6; 1174635.4; -181050.9; -2624.1; 1147643.1; -182958.5
984.0; 34.823; -8467.5; 1130035.2; -179044.5; -2813.7; 1133759.3; -181053.6
987.0; 34.935; -9109.8; 1105073.6; -177811.5; -3382.9; 1141826.5; -180145.0
990.0; 35.046; -8942.4; 1240173.5; -190053.1; -3241.9; 1286008.1; -192309.8
993.0; 35.157; -9038.9; 1482323.8; -210397.2; -3330.9; 1546054.8; -212701.9
996.0; 35.273; -9394.2; 1676065.9; -223818.2; -3657.8; 1747716.6; -226289.4
999.0; 35.393; -9756.6; 1722267.5; -223470.8; -3993.4; 1785120.5; -226113.1
1002.0; 35.514; -10058.3; 1741033.6; -223821.1; -4276.7; 1787780.0; -226634.1
1005.0; 35.673; -6559.9; 1737529.5; -219835.6; -1088.5; 1737847.8; -220937.0
1008.0; 35.801; -9172.1; 1620206.6; -211846.6; -3449.4; 1593904.2; -214226.8
1011.0; 35.966; -6632.7; 1488525.0; -207114.5; -1155.7; 1417532.3; -208260.1
1014.0; 36.106; -6561.5; 1284551.9; -202671.1; -1048.4; 1185899.6; -203754.6
1017.0; 36.226; -6362.0; 1034635.1; -204624.7; -906.4; 925136.7; -205597.5
1020.0; 36.330; -6162.2; 717633.7; -206771.0; -734.2; 624239.9; -207630.8
1023.0; 36.427; -6011.7; 393654.7; -206857.1; -598.9; 335816.3; -207638.4
1026.0; 36.524; -5956.5; 146130.8; -207246.4; -549.2; 147137.2; -208002.1
1029.0; 36.620; -5919.5; 146616.3; -207645.9; -516.7; 146852.9; -208385.9
1032.0; 36.718; -5901.9; 147650.3; -208667.3; -501.0; 147567.6; -209400.1
1035.0; 36.816; -5890.3; -112458.3; -159654.3; -490.5; -113037.7; -160382.4
1038.0; 36.915; -5884.2; -134183.4; -190090.2; -485.1; -134018.8; -190815.9
1041.0; 37.014; -5882.5; -141926.5; -200781.8; -483.5; -141505.4; -201507.0
1044.0; 37.113; -5881.9; -144351.1; -204042.0; -482.8; -143714.4; -204767.1
1047.0; 37.212; -5883.7; -145120.0; -205026.7; -484.2; -144327.2; -205752.9
1050.0; 37.311; -5883.8; -144958.7; -204742.6; -484.3; -144068.6; -205469.0
1053.0; 37.410; -5885.0; -144198.4; -203680.6; -485.3; -143308.2; -204407.9
1056.0; 37.509; -5885.5; -142485.3; -201339.8; -485.8; -141696.5; -202067.7
1059.0; 37.609; -5887.5; -139475.9; -197280.5; -487.6; -138941.5; -198010.0
1062.0; 37.709; -5890.6; -134087.9; -190022.2; -490.4; -134029.2; -190754.1
1065.0; 37.809; -5896.7; -125362.5; -178302.7; -495.8; -126105.9; -179038.8
1068.0; 37.911; -5906.0; -111850.4; -160131.9; -504.2; -113759.0; -160874.3
1071.0; 38.013; -5919.4; -89956.2; -130508.0; -515.9; -93389.0; -131259.0
1074.0; 38.116; -5952.5; -63401.0; -94476.4; -544.5; -62582.6; -95245.4
1077.0; 38.221; -6105.1; -34684.9; 62571.8; -672.1; -3818.9; 61729.5
1080.0; 38.327; -6206.7; -24663.9; -35616.3; -781.5; -22182.3; -36514.7
1083.0; 38.434; -6076.1; 35036.7; -54291.4; -648.6; -34742.7; -55120.0
1086.0; 38.540; -5748.6; -151077.0; -208055.0; -363.4; 152715.8; -208724.8
1089.0; 38.643; -5870.3; 41831.5; -63113.8; -467.7; -42558.5; -63838.3
1092.0; 38.746; -8079.2; -1528.5; 21092.6; -2245.0; -823.4; 19358.4
1095.0; 38.848; -5838.6; 113611.6; -162243.0; -443.8; -113935.1; -162951.2
1098.0; 38.949; -7910.6; -197.4; 22315.7; -2067.2; 80.6; 20670.9
1101.0; 39.050; -6648.3; 996.7; 39558.0; -1026.3; 216.2; 38497.0
1104.0; 39.151; -5887.5; -20962.4; -30832.6; -488.7; -21426.8; -31564.1
1107.0; 39.252; -5879.1; -71995.8; -102132.2; -480.4; -71177.4; -102858.6
1110.0; 39.352; -5868.3; -105187.5; -149045.9; -470.7; -104744.2; -149766.4
1113.0; 39.452; -5872.0; -123670.0; -174972.1; -474.0; -123078.2; -175694.0
1116.0; 39.552; -5874.9; -133393.5; -188408.2; -476.7; -132420.1; -189131.3
1119.0; 39.652; -5876.8; -138690.8; -195527.1; -478.4; -137220.0; -196251.0
1122.0; 39.751; -5877.9; -141748.1; -199445.5; -479.4; -139720.0; -200169.8
1125.0; 39.851; -5878.5; -143636.8; -201704.1; -480.0; -141037.3; -202428.7
1128.0; 39.950; -5878.6; -144865.4; -203041.5; -480.1; -141709.9; -203766.2
1131.0; 40.050; -5878.8; -145697.8; -203846.5; -480.3; -142025.0; -204571.2
1134.0; 40.149; -5878.6; -146278.1; -204330.9; -480.1; -142137.5; -205055.6
1137.0; 40.249; -5878.6; -146689.0; -204614.9; -480.2; -142133.9; -205339.6
1140.0; 40.349; -5878.3; -146985.1; -204772.8; -479.9; -142065.9; -205497.4
1143.0; 40.448; -5878.2; -147199.7; -204852.1; -479.8; -141969.9; -205576.7
1146.0; 40.548; -5877.7; -147357.9; -204893.6; -479.4; -141881.3; -205618.0
1149.0; 40.648; -5877.3; -147465.8; -204921.4; -479.0; -141833.5; -205645.6
1152.0; 40.747; -5876.5; -147531.0; -204960.8; -478.3; -141852.1; -205684.6
1155.0; 40.847; -5876.0; -147552.5; -205018.6; -477.9; -141940.5; -205742.2
1158.0; 40.947; -5875.7; -147530.7; -205092.9; -477.6; -142085.7; -205816.3
1161.0; 41.046; -5876.1; -147454.6; -205161.2; -477.9; -142260.2; -205884.7
1164.0; 41.146; -5876.9; -147307.1; -205184.3; -478.6; -142422.8; -205908.3
1167.0; 41.246; -5878.1; -147081.9; -205124.2; -479.7; -142534.5; -205848.7
1170.0; 41.345; -5879.5; -146775.8; -204917.9; -480.9; -142515.6; -205643.2
1173.0; 41.445; -5881.1; -146394.4; -204494.2; -482.4; -142262.4; -205220.4
1176.0; 41.545; -5882.9; -145877.5; -203709.4; -484.0; -141633.2; -204436.6
1179.0; 41.645; -5885.0; -145077.7; -202283.2; -485.9; -140375.3; -203011.7
1182.0; 41.745; -5887.3; -143566.0; -199510.6; -488.1; -137903.2; -200240.3
1185.0; 41.844; -5889.3; -140111.0; -193599.8; -489.9; -132872.4; -194330.5
1188.0; 41.944; -5889.6; -130593.5; -178886.3; -490.4; -121156.5; -179617.0
1191.0; 42.044; -5916.0; 88140.1; -130901.9; -512.7; -88199.9; -131646.0
1194.0; 42.145; -5852.4; -169901.0; -237623.7; -456.6; 170086.4; -238337.1
1197.0; 42.245; -5865.2; 93537.1; -133660.9; -467.9; 94663.9; -134380.1
1200.0; 42.345; -5870.0; 105626.3; -150322.8; -472.3; 106154.7; -151044.0
1203.0; 42.445; -5873.2; 119400.2; -169398.3; -475.3; 119452.0; -170121.0
1206.0; 42.544; -5876.2; 127868.1; -180884.0; -478.1; 127284.2; -181608.1
1209.0; 42.644; -5879.4; 132375.9; -186611.5; -480.9; 130899.0; -187337.2
1212.0; 42.744; -5883.0; 134702.2; -189030.4; -484.3; 131986.3; -189758.2
1215.0; 42.844; -5887.5; 135530.0; -189066.4; -488.4; 131165.6; -189796.9
1218.0; 42.944; -5892.4; 134459.5; -186265.7; -492.9; 128151.2; -186999.3
1221.0; 43.045; -5910.5; -118828.1; -172438.1; -508.6; 118227.1; -173181.8
1224.0; 43.147; -5889.3; 83821.8; -118394.0; -490.0; 83183.2; -119129.3
1227.0; 43.249; -5894.7; 159139.7; -228873.3; -494.6; -159477.1; -229613.3
1230.0; 43.353; -5913.6; -146329.1; -202557.1; -512.0; -139424.0; -203309.6
1233.0; 43.459; -5944.3; -145182.7; -201197.1; -539.5; -138850.3; -201969.0
1236.0; 43.568; -5992.8; -143583.9; -200610.8; -582.6; -139888.3; -201412.2
1239.0; 43.681; -6071.8; -223254.1; -199801.0; -652.9; -144765.4; -200647.3
1242.0; 43.799; -6182.0; -396778.0; -199806.0; -751.8; -293392.9; -200712.3
1245.0; 43.922; -6319.7; -589614.3; -199716.9; -876.2; -461000.3; -200696.3
1248.0; 44.052; -6481.3; -781635.4; -199187.3; -1021.3; -637643.9; -200250.8
1251.0; 44.188; -6644.8; -951091.5; -198409.7; -1165.2; -805939.8; -199557.1
1254.0; 44.332; -6782.8; -1086894.8; -197767.6; -1283.7; -951784.4; -198986.2
1257.0; 44.489; -6887.0; -1185463.8; -197112.5; -1369.5; -1066740.4; -198385.5
1260.0; 44.662; -6952.8; -1248438.0; -196083.9; -1422.7; -1148275.1; -197391.7
1263.0; 44.852; -6974.9; -1284675.1; -194834.5; -1447.7; -1202277.7; -196157.0
1266.0; 45.053; -6962.3; -1307813.7; -193946.2; -1451.1; -1240805.2; -195267.9
1269.0; 45.262; -6943.1; -1327627.4; -193418.5; -1438.3; -1271934.9; -194732.5
1272.0; 45.473; -6928.1; -1363993.8; -195493.6; -1424.9; -1314805.1; -196800.2
1275.0; 45.681; -6915.0; -1397466.3; -197606.8; -1412.6; -1351434.3; -198906.5
1278.0; 45.886; -6897.7; -1418109.8; -199037.6; -1395.8; -1370917.3; -200327.6
1281.0; 46.083; -6869.9; -1419385.5; -199339.4; -1363.4; -1366299.4; -200612.7
1284.0; 46.273; -6845.5; -1405948.3; -199214.0; -1327.0; -1343381.1; -200469.6
1287.0; 46.453; -6819.6; -1384796.4; -199436.5; -1292.0; -1309891.1; -200673.7
1290.0; 46.622; -6785.7; -1353373.9; -199679.5; -1257.9; -1264853.9; -200895.6
1293.0; 46.781; -6745.0; -1309743.6; -200085.1; -1227.8; -1208370.7; -201278.6
1296.0; 46.929; -6692.2; -1250199.7; -200877.6; -1191.6; -1137664.4; -202042.9
1299.0; 47.067; -6617.9; -1169563.1; -202094.8; -1133.4; -1048136.7; -203219.4
1302.0; 47.196; -6520.5; -1064085.4; -203452.2; -1050.9; -937857.7; -204522.5
1305.0; 47.317; -6408.1; -935615.4; -204559.0; -953.2; -810175.9; -205565.8
1308.0; 47.429; -6294.0; -794033.5; -205283.4; -851.9; -675252.9; -206225.6
1311.0; 47.536; -6194.1; -654845.6; -205745.7; -762.3; -546974.5; -206631.8
1314.0; 47.639; -6118.2; -533100.3; -206197.1; -694.3; -437277.7; -207041.4
1317.0; 47.740; -6064.3; -436954.2; -206713.6; -645.9; -351330.9; -207528.9
1320.0; 47.840; -6026.4; -367063.8; -207241.3; -611.9; -288333.0; -208037.2
1323.0; 47.939; -5999.6; -319816.2; -207701.9; -588.0; -244823.7; -208484.6
1326.0; 48.038; -5980.6; -290268.0; -208051.9; -570.9; -216822.9; -208825.6
1329.0; 48.138; -5966.9; -273439.4; -208309.4; -558.7; -200361.3; -209076.8
1332.0; 48.238; -5957.0; -264700.0; -208523.3; -549.9; -191528.1; -209286.1
1335.0; 48.337; -5949.5; -259952.7; -208721.3; -543.2; -186698.3; -209480.5
1338.0; 48.437; -5943.2; -255814.2; -208898.3; -537.6; -182822.2; -209654.4
1341.0; 48.537; -5937.2; -249738.8; -209035.2; -532.3; -177588.1; -209788.1
1344.0; 48.636; -5930.9; -240044.3; -209118.2; -526.6; -169515.1; -209867.6
1347.0; 48.735; -5923.7; -225837.0; -209145.2; -520.2; -158249.6; -209890.7
1350.0; 48.835; -5915.6; -206984.8; -209125.4; -513.1; -147233.5; -209866.5
1353.0; 48.933; -5907.1; -184180.5; -209075.3; -505.5; -146967.4; -209812.1
1356.0; 49.032; -5899.1; -159763.0; -209014.2; -498.3; -146385.2; -209747.1
1359.0; 49.131; -5892.5; -149673.9; -208961.2; -492.4; -145815.2; -209690.9
1362.0; 49.230; -5887.4; -150144.0; -208931.6; -487.9; -145428.7; -209658.9
1365.0; 49.328; -5884.0; -150288.5; -208931.5; -484.8; -145202.2; -209657.2
1368.0; 49.427; -5882.0; -150319.4; -208950.0; -483.0; -145094.7; -209674.9
1371.0; 49.526; -5881.1; -150265.4; -208961.5; -482.2; -145063.5; -209686.1
1374.0; 49.625; -5881.0; -150131.7; -208940.1; -482.0; -145072.4; -209664.8
1377.0; 49.724; -5881.1; -149924.8; -208869.3; -482.1; -145096.9; -209594.3
1380.0; 49.824; -5881.4; -149651.4; -208740.5; -482.3; -145125.3; -209465.7
1383.0; 49.923; -5881.4; -149317.6; -208546.8; -482.3; -145144.3; -209272.1
1386.0; 50.022; -5881.3; -148933.4; -208282.3; -482.2; -145128.8; -209007.6
1389.0; 50.121; -5881.1; -148510.2; -207945.4; -482.0; -145059.7; -208670.6
1392.0; 50.221; -5880.8; -148058.9; -207544.5; -481.7; -144934.6; -208269.6
1395.0; 50.320; -5880.5; -147596.5; -207100.7; -481.5; -144764.0; -207825.7
1398.0; 50.419; -5880.3; -147147.3; -206645.7; -481.3; -144566.9; -207370.7
1401.0; 50.519; -5880.0; -146734.2; -206212.7; -481.1; -144366.2; -206937.6
1404.0; 50.618; -5879.8; -146372.2; -205826.5; -480.9; -144181.5; -206551.3
1407.0; 50.717; -5879.6; -146065.8; -205499.3; -480.8; -144025.2; -206224.0
1410.0; 50.817; -5879.5; -145811.2; -205231.1; -480.6; -143900.8; -205955.7
1413.0; 50.916; -5879.4; -145598.4; -205012.1; -480.5; -143804.2; -205736.7
1416.0; 51.015; -5879.2; -145413.2; -204825.6; -480.4; -143725.6; -205550.1
1419.0; 51.115; -5879.2; -145239.9; -204652.0; -480.3; -143653.2; -205376.4
1422.0; 51.214; -5879.1; -145064.4; -204474.2; -480.3; -143576.6; -205198.6
1425.0; 51.313; -5879.0; -144877.7; -204281.1; -480.2; -143489.3; -205005.5
1428.0; 51.413; -5879.0; -144677.2; -204070.0; -480.2; -143389.9; -204794.4
1431.0; 51.512; -5878.9; -144465.7; -203842.5; -480.1; -143278.0; -204566.9
1434.0; 51.612; -5878.8; -144244.9; -203597.4; -480.1; -143150.4; -204321.7
1437.0; 51.711; -5878.8; -144011.9; -203328.7; -480.0; -143001.3; -204053.0
1440.0; 51.810; -5878.8; -143763.5; -203030.9; -480.0; -142826.4; -203755.2
1443.0; 51.910; -5878.7; -143501.9; -202707.4; -480.0; -142627.9; -203431.6
1446.0; 52.009; -5878.7; -143241.1; -202377.0; -479.9; -142418.9; -203101.2
1449.0; 52.108; -5878.6; -143006.3; -202071.8; -479.9; -142219.7; -202796.0
1452.0; 52.208; -5878.6; -142825.4; -201827.8; -479.9; -142053.3; -202552.0
1455.0; 52.307; -5878.6; -142724.7; -201679.6; -479.8; -141942.5; -202403.8
1458.0; 52.406; -5878.6; -142723.0; -201652.7; -479.8; -141905.0; -202376.9
1461.0; 52.506; -5878.6; -142826.2; -201757.1; -479.8; -141948.8; -202481.3
1464.0; 52.605; -5878.6; -143025.3; -201983.6; -479.8; -142070.0; -202707.8
1467.0; 52.704; -5878.6; -143299.6; -202307.2; -479.8; -142253.9; -203031.4
1470.0; 52.804; -5878.5; -143621.2; -202691.9; -479.8; -142477.6; -203416.0
1473.0; 52.903; -5878.5; -143959.7; -203098.1; -479.8; -142715.2; -203822.3
1476.0; 53.003; -5878.5; -144288.2; -203489.9; -479.8; -142942.7; -204214.1
1479.0; 53.102; -5878.5; -144586.2; -203838.4; -479.8; -143139.5; -204562.6
1482.0; 53.201; -5878.5; -144839.7; -204123.7; -479.8; -143291.0; -204847.9
1485.0; 53.301; -5878.5; -145043.5; -204339.9; -479.9; -143393.9; -205064.1
1488.0; 53.400; -5878.5; -145206.0; -204499.6; -479.9; -143457.6; -205223.7
1491.0; 53.499; -5878.5; -145347.1; -204627.7; -479.9; -143497.8; -205351.9
1494.0; 53.599; -5878.6; -145488.8; -204752.6; -479.9; -143532.6; -205476.8
1497.0; 53.698; -5878.6; -145650.2; -204901.3; -479.9; -143581.7; -205625.5
1500.0; 53.797; -5878.6; -145844.8; -205092.7; -479.9; -143658.7; -205816.9
1503.0; 53.897; -5878.6; -146074.4; -205326.5; -479.9; -143761.7; -206050.7
1506.0; 53.996; -5878.6; -146324.2; -205580.4; -479.9; -143873.7; -206304.6
1509.0; 54.096; -5878.6; -146569.5; -205823.0; -479.9; -143974.1; -206547.2
1512.0; 54.195; -5878.6; -146788.1; -206029.4; -479.9; -144049.6; -206753.7
1515.0; 54.294; -5878.6; -146967.5; -206188.6; -480.0; -144096.7; -206912.8
1518.0; 54.394; -5878.6; -147105.1; -206301.5; -480.0; -144119.5; -207025.7
1521.0; 54.493; -5878.6; -147206.0; -206378.1; -480.0; -144127.5; -207102.4
1524.0; 54.592; -5878.6; -147281.3; -206434.5; -480.0; -144132.5; -207158.7
1527.0; 54.692; -5878.6; -147343.8; -206486.6; -479.9; -144145.1; -207210.8
1530.0; 54.791; -5878.5; -147402.8; -206544.5; -479.9; -144170.2; -207268.7
1533.0; 54.891; -5878.5; -147459.7; -206608.3; -479.9; -144206.2; -207332.5
1536.0; 54.990; -5878.5; -147507.9; -206669.8; -479.9; -144248.0; -207394.0
1539.0; 55.089; -5878.5; -147537.2; -206718.1; -479.9; -144289.3; -207442.3
1542.0; 55.189; -5878.5; -147538.6; -206742.8; -479.8; -144324.4; -207466.9
1545.0; 55.288; -5878.5; -147506.0; -206735.3; -479.9; -144346.7; -207459.5
1548.0; 55.388; -5878.5; -147438.0; -206689.2; -479.9; -144348.6; -207413.4
1551.0; 55.487; -5878.5; -147336.5; -206599.5; -479.9; -144321.1; -207323.7
1554.0; 55.586; -5878.6; -147206.7; -206464.2; -480.0; -144256.4; -207188.5
1557.0; 55.686; -5878.7; -147059.8; -206289.1; -480.0; -144151.6; -207013.4
1560.0; 55.785; -5878.8; -146916.4; -206093.1; -480.1; -144013.3; -206817.4
1563.0; 55.884; -5878.9; -146808.9; -205913.1; -480.2; -143861.8; -206637.5
1566.0; 55.984; -5878.9; -146778.1; -205799.1; -480.3; -143727.7; -206523.6
1569.0; 56.083; -5879.0; -146856.7; -205792.5; -480.3; -143637.3; -206517.0
1572.0; 56.183; -5879.0; -147048.6; -205900.3; -480.4; -143597.5; -206624.7
1575.0; 56.282; -5878.9; -147325.2; -206092.0; -480.3; -143594.0; -206816.4
1578.0; 56.381; -5878.8; -147642.9; -206321.3; -480.2; -143605.0; -207045.7
1581.0; 56.481; -5878.6; -147961.2; -206548.8; -480.1; -143614.3; -207273.1
1584.0; 56.580; -5878.4; -148253.3; -206751.3; -479.8; -143616.4; -207475.6
1587.0; 56.680; -5878.1; -148504.6; -206920.1; -479.6; -143612.1; -207644.2
1590.0; 56.779; -5877.8; -148709.4; -207054.4; -479.3; -143605.6; -207778.4
1593.0; 56.879; -5877.5; -148865.7; -207157.7; -479.0; -143603.9; -207881.6
1596.0; 56.978; -5877.2; -148975.9; -207235.2; -478.8; -143612.2; -207959.0
1599.0; 57.077; -5877.0; -149045.0; -207292.6; -478.6; -143632.0; -208016.3
1602.0; 57.177; -5876.9; -149078.7; -207333.6; -478.5; -143662.2; -208057.2
1605.0; 57.276; -5876.9; -149081.7; -207359.7; -478.5; -143699.7; -208083.3
1608.0; 57.376; -5876.9; -149056.8; -207370.7; -478.5; -143740.9; -208094.3
1611.0; 57.475; -5877.1; -149007.2; -207366.3; -478.6; -143783.2; -208090.0
1614.0; 57.575; -5877.2; -148936.6; -207347.9; -478.8; -143824.8; -208071.7
1617.0; 57.674; -5877.4; -148848.8; -207316.8; -479.0; -143864.8; -208040.6
1620.0; 57.774; -5877.6; -148746.2; -207273.8; -479.1; -143902.4; -207997.7
1623.0; 57.873; -5877.8; -148630.3; -207219.3; -479.3; -143937.0; -207943.3
1626.0; 57.973; -5878.0; -148502.7; -207153.6; -479.5; -143967.4; -207877.7
1629.0; 58.072; -5878.2; -148365.7; -207078.2; -479.6; -143993.0; -207802.3
1632.0; 58.171; -5878.4; -148222.0; -206994.9; -479.8; -144014.7; -207719.2
1635.0; 58.271; -5878.5; -148074.1; -206905.6; -479.9; -144033.0; -207629.9
1638.0; 58.370; -5878.6; -147924.1; -206811.1; -480.0; -144046.0; -207535.4
1641.0; 58.470; -5878.7; -147773.2; -206710.8; -480.1; -144051.9; -207435.2
1644.0; 58.569; -5878.8; -147621.1; -206603.6; -480.1; -144049.4; -207328.0
1647.0; 58.668; -5878.9; -147467.1; -206487.4; -480.2; -144036.1; -207211.8
1650.0; 58.768; -5878.9; -147308.7; -206359.8; -480.3; -144010.9; -207084.3
1653.0; 58.867; -5879.0; -147143.9; -206221.8; -480.3; -143977.7; -206946.2
1656.0; 58.967; -5879.0; -146978.7; -206081.5; -480.3; -143942.5; -206806.0
1659.0; 59.066; -5879.0; -146825.4; -205949.5; -480.3; -143907.6; -206674.0
1662.0; 59.165; -5879.0; -146689.7; -205829.5; -480.3; -143872.4; -206554.0
1665.0; 59.265; -5879.0; -146570.0; -205718.7; -480.3; -143834.3; -206443.2
1668.0; 59.364; -5879.0; -146461.0; -205611.4; -480.3; -143790.2; -206335.9
1671.0; 59.464; -5879.0; -146359.2; -205503.0; -480.3; -143737.4; -206227.5
1674.0; 59.563; -5878.9; -146264.1; -205392.6; -480.3; -143674.5; -206117.0
1677.0; 59.662; -5878.9; -146179.6; -205283.7; -480.3; -143603.2; -206008.2
1680.0; 59.762; -5878.9; -146111.8; -205184.1; -480.2; -143528.2; -205908.6
1683.0; 59.861; -5878.9; -146068.6; -205103.8; -480.2; -143456.0; -205828.3
1686.0; 59.961; -5878.9; -146058.1; -205052.3; -480.2; -143392.0; -205776.7
1689.0; 60.060; -5878.8; -146085.5; -205036.2; -480.2; -143340.5; -205760.6
1692.0; 60.159; -5878.8; -146152.9; -205059.4; -480.2; -143304.9; -205783.9
1695.0; 60.259; -5878.8; -146259.7; -205122.3; -480.2; -143286.6; -205846.7
1698.0; 60.358; -5878.8; -146401.8; -205220.5; -480.2; -143283.7; -205944.9
1701.0; 60.457; -5878.7; -146571.3; -205344.6; -480.1; -143290.7; -206069.0
1704.0; 60.557; -5878.6; -146756.9; -205481.3; -480.1; -143300.4; -206205.7
1707.0; 60.656; -5878.5; -146946.4; -205617.8; -480.0; -143306.3; -206342.1
1710.0; 60.756; -5878.5; -147129.3; -205743.8; -479.9; -143304.0; -206468.1
1713.0; 60.855; -5878.4; -147298.5; -205853.5; -479.9; -143292.5; -206577.7
1716.0; 60.955; -5878.3; -147451.5; -205944.9; -479.8; -143271.6; -206669.1
1719.0; 61.054; -5878.2; -147590.2; -206018.9; -479.8; -143240.0; -206743.2
1722.0; 61.153; -5878.2; -147719.3; -206077.7; -479.7; -143196.1; -206802.0
1725.0; 61.253; -5878.2; -147844.9; -206123.7; -479.8; -143137.6; -206848.0
1728.0; 61.352; -5878.3; -147973.5; -206158.7; -479.8; -143059.6; -206883.0
1731.0; 61.452; -5878.4; -148111.5; -206183.9; -479.9; -142957.2; -206908.4
1734.0; 61.551; -5878.6; -148263.7; -206200.9; -480.1; -142828.7; -206925.6
1737.0; 61.651; -5878.8; -148433.6; -206212.3; -480.3; -142676.4; -206937.2
1740.0; 61.751; -5878.9; -148623.3; -206220.9; -480.4; -142504.8; -206945.9
1743.0; 61.850; -5878.9; -148832.2; -206228.6; -480.4; -142319.3; -206953.8
1746.0; 61.950; -5878.8; -149053.6; -206235.8; -480.3; -142128.0; -206961.0
1749.0; 62.050; -5878.4; -149274.9; -206242.8; -479.9; -141944.1; -206968.0
1752.0; 62.150; -5877.7; -149480.0; -206251.7; -479.3; -141788.5; -206976.8
1755.0; 62.250; -5876.7; -149647.5; -206266.8; -478.4; -141684.3; -206991.6
1758.0; 62.350; -5875.5; -149764.9; -206293.7; -477.3; -141650.6; -207018.1
1761.0; 62.450; -5874.2; -149823.9; -206339.0; -476.1; -141699.6; -207062.8
1764.0; 62.550; -5872.9; -149839.2; -206408.7; -475.0; -141826.6; -207132.0
1767.0; 62.650; -5871.8; -149835.5; -206506.6; -474.0; -142020.4; -207229.2
1770.0; 62.750; -5871.0; -149806.0; -206632.5; -473.3; -142260.5; -207354.5
1773.0; 62.850; -5870.6; -149775.5; -206781.9; -472.9; -142531.6; -207503.4
1776.0; 62.950; -5870.7; -149717.6; -206945.5; -473.0; -142822.6; -207666.8
1779.0; 63.050; -5871.5; -149628.3; -207108.0; -473.7; -143121.4; -207829.3
1782.0; 63.149; -5872.8; -149482.8; -207243.1; -474.9; -143400.7; -207964.9
1785.0; 63.249; -5874.7; -149258.5; -207304.8; -476.7; -143613.1; -208027.5
1788.0; 63.348; -5877.1; -148944.1; -207219.4; -478.8; -143694.2; -207943.4
1791.0; 63.448; -5879.4; -148501.0; -206891.5; -480.9; -143587.1; -207616.8
1794.0; 63.548; -5881.7; -147878.1; -206223.8; -483.0; -143217.4; -206950.6
1797.0; 63.647; -5885.3; -147155.5; -205224.0; -486.2; -142490.1; -205953.2
1800.0; 63.748; -5891.1; -146717.6; -204306.1; -491.4; -141591.0; -205039.2
1803.0; 63.848; -5899.4; -147037.0; -204153.7; -499.0; -141043.1; -204892.6
1806.0; 63.950; -5910.5; -147828.6; -204624.8; -508.9; -141011.3; -205371.5
1809.0; 64.054; -5926.3; -148159.9; -204954.8; -523.1; -141338.1; -205712.6
1812.0; 64.159; -5952.7; -147061.8; -204747.2; -546.5; -142144.4; -205522.0
1815.0; 64.267; -5994.3; -224462.7; -204450.9; -583.6; -145911.9; -205250.4
1818.0; 64.377; -6052.7; -334389.5; -204504.4; -636.0; -241529.6; -205336.6
1821.0; 64.491; -6124.4; -444978.7; -204664.3; -700.5; -338676.2; -205535.5
1824.0; 64.607; -6206.8; -552981.7; -204670.7; -774.7; -433644.9; -205585.8
1827.0; 64.726; -6294.1; -654763.6; -204455.5; -853.1; -525145.8; -205416.7
1830.0; 64.848; -6380.5; -747892.8; -204045.6; -930.7; -611345.9; -205052.1
1833.0; 64.974; -6461.9; -831242.1; -203493.3; -1003.6; -690851.2; -204542.3
1836.0; 65.102; -6535.9; -904521.4; -202818.5; -1069.9; -762817.3; -203906.1
1839.0; 65.233; -6601.8; -968487.9; -202120.0; -1127.7; -827361.4; -203241.9
1842.0; 65.367; -6658.7; -1024217.5; -201456.4; -1176.8; -885012.5; -202607.7
1845.0; 65.505; -6706.9; -1072809.0; -200858.9; -1217.7; -936446.3; -202035.3
1848.0; 65.646; -6746.7; -1115369.3; -200388.7; -1251.1; -982404.3; -201586.1
1851.0; 65.791; -6778.5; -1152787.4; -200127.9; -1277.2; -1023417.3; -201342.0
1854.0; 65.939; -6802.4; -1185088.0; -200095.1; -1296.4; -1059180.1; -201321.9
1857.0; 66.091; -6819.0; -1210987.7; -200174.7; -1309.4; -1088169.7; -201410.3
1860.0; 66.246; -6829.6; -1229017.2; -200194.2; -1317.5; -1108790.3; -201435.4
1863.0; 66.403; -6836.0; -1239430.3; -200067.6; -1322.5; -1121276.8; -201312.3
1866.0; 66.561; -6840.5; -1244293.8; -199795.8; -1326.0; -1127818.9; -201043.0
1869.0; 66.721; -6845.2; -1246430.4; -199434.0; -1330.0; -1131465.3; -200683.8
1872.0; 66.883; -6851.6; -1248356.1; -199039.6; -1335.7; -1134990.9; -200293.0
1875.0; 67.046; -6860.2; -1251892.2; -198663.0; -1343.3; -1140430.8; -199921.2
1878.0; 67.212; -6870.7; -1258087.1; -198354.9; -1352.7; -1148948.1; -199619.1
1881.0; 67.380; -6882.4; -1267206.2; -198166.0; -1363.2; -1160775.8; -199436.7
1884.0; 67.552; -6893.9; -1278810.7; -198147.0; -1373.6; -1175243.4; -199424.2
1887.0; 67.728; -6902.9; -1291729.7; -198329.9; -1382.0; -1190732.6; -199612.1
1890.0; 67.907; -6906.6; -1303753.4; -198680.0; -1385.6; -1204473.1; -199964.5
1893.0; 68.087; -6902.8; -1311607.1; -199064.7; -1382.4; -1212779.8; -200347.4
1896.0; 68.266; -6892.0; -1312410.5; -199305.4; -1372.9; -1212779.8; -200582.5
1899.0; 68.443; -6878.7; -1305921.6; -199301.4; -1361.1; -1204666.6; -200571.6
1902.0; 68.618; -6868.4; -1294822.0; -199084.0; -1352.1; -1191756.1; -200348.7
1905.0; 68.791; -6864.4; -1282639.4; -198713.3; -1348.9; -1178186.6; -199975.8
1908.0; 68.963; -6866.9; -1272312.7; -198230.3; -1351.7; -1167346.1; -199494.0
1911.0; 69.134; -6874.6; -1265779.5; -197669.4; -1359.1; -1161430.0; -198937.3
1914.0; 69.307; -6885.2; -1264020.7; -197086.0; -1369.0; -1161503.1; -198359.7
1917.0; 69.482; -6896.4; -1267254.1; -196562.2; -1379.2; -1167701.0; -197842.2
1920.0; 69.659; -6905.4; -1275248.1; -196208.0; -1387.8; -1179515.7; -197493.2
1923.0; 69.840; -6909.8; -1287337.1; -196120.5; -1392.6; -1195779.6; -197408.8
1926.0; 70.022; -6907.4; -1301999.0; -196324.3; -1391.2; -1214240.9; -197611.8
1929.0; 70.205; -6896.5; -1315927.1; -196692.9; -1380.9; -1230750.8; -197974.7
1932.0; 70.386; -6879.0; -1325758.1; -197193.6; -1362.3; -1241084.4; -198465.1
1935.0; 70.562; -6855.7; -1327218.9; -197578.4; -1336.3; -1240484.3; -198835.5
1938.0; 70.731; -6827.4; -1319164.9; -197903.2; -1304.9; -1227518.9; -199142.3
1941.0; 70.891; -6792.4; -1300814.7; -198362.8; -1270.4; -1201555.1; -199580.5
1944.0; 71.041; -6745.9; -1269037.5; -199283.5; -1231.8; -1160350.0; -200474.5
1947.0; 71.180; -6674.5; -1215203.8; -201070.8; -1176.5; -1097206.3; -202222.2
1950.0; 71.309; -6563.6; -1116467.4; -203248.6; -1086.7; -991887.7; -204337.3
1953.0; 71.426; -6411.2; -940101.5; -204941.1; -956.5; -819587.3; -205943.5
1956.0; 71.534; -6248.2; -656083.2; -206148.4; -811.9; -564036.4; -207066.2
1959.0; 71.642; -6150.9; -249451.0; -205468.3; -724.8; -224459.9; -206346.7
1962.0; 71.757; -6184.7; -144070.3; -207252.8; -753.8; 144051.8; -208159.5
1965.0; 71.881; -6262.1; 339936.3; -192524.0; -824.3; 216684.8; -193479.7
1968.0; 72.015; -6490.2; 793711.6; -196189.1; -1029.4; 628365.0; -197261.4
1971.0; 72.156; -6723.5; 1092774.6; -194289.5; -1229.8; 949749.8; -195474.0
1974.0; 72.297; -6817.5; 1256331.5; -193912.6; -1309.6; 1161316.1; -195141.6
1977.0; 72.435; -7213.8; 1313766.4; -192178.9; -1682.5; 1258398.7; -193587.8
1980.0; 72.559; -8600.0; 1328095.8; -191618.1; -2933.1; 1305232.2; -193696.6
1983.0; 72.682; -8580.3; 1356851.8; -195559.0; -2914.0; 1345370.8; -197645.7
1986.0; 72.830; -6933.0; 1369025.0; -194879.7; -1427.9; 1344136.1; -196155.4
1989.0; 72.953; -8981.4; 1339794.5; -192362.8; -3281.1; 1325640.2; -194628.2
1992.0; 73.075; -8476.8; 1357084.4; -195495.0; -2821.2; 1339363.7; -197516.4
1995.0; 73.195; -8845.6; 1369539.8; -196787.8; -3156.1; 1363279.9; -198986.9
1998.0; 73.319; -8581.1; 1389060.5; -197495.4; -2912.1; 1420738.2; -199567.7
2001.0; 73.444; -8495.3; 1421219.5; -199524.6; -2825.2; 1453183.1; -201552.0
2004.0; 73.573; -7298.9; 1452811.7; -201108.6; -1730.8; 1470565.8; -202553.4
2007.0; 73.700; -4832.8; 1557035.9; -209397.9; 471.8; 1553255.1; -209654.6
2010.0; 73.828; -8078.4; 1619338.1; -213472.5; -2451.3; 1633746.8; -215325.0
2013.0; 73.996; -6986.0; 1532152.8; -206158.3; -1468.6; 1510698.6; -207475.0
2016.0; 74.137; -6709.5; 1422373.6; -204272.9; -1198.2; 1346401.3; -205441.2
2019.0; 74.266; -6493.8; 1199877.6; -204846.5; -1007.8; 1097428.1; -205889.7
2022.0; 74.376; -6238.8; 878189.2; -207551.1; -802.5; 777862.3; -208453.9
2025.0; 74.475; -6054.5; 511124.6; -207418.1; -637.3; 442664.8; -208221.5
2028.0; 74.572; -5966.2; 196961.1; -207115.2; -558.4; 165765.3; -207875.7
2031.0; 74.669; -5927.1; 145831.6; -207313.8; -523.3; 147271.4; -208057.3
2034.0; 74.766; -5903.7; 144019.5; -204216.9; -502.6; 144944.6; -204950.7
2037.0; 74.865; -5892.8; -124939.6; -176811.9; -492.8; -124784.3; -177541.4
2040.0; 74.963; -5886.4; -139167.7; -196757.9; -487.0; -138501.9; -197484.8
2043.0; 75.062; -5883.3; -143176.4; -202269.5; -484.2; -142364.2; -202995.3
2046.0; 75.161; -5882.9; -144530.0; -204078.1; -483.7; -143580.7; -204804.0
2049.0; 75.260; -5883.7; -144795.6; -204374.0; -484.3; -143715.4; -205100.5
2052.0; 75.359; -5884.6; -144255.6; -203563.1; -485.1; -143085.6; -204290.4
2055.0; 75.459; -5886.0; -142607.5; -201201.2; -486.4; -141368.1; -201929.6
2058.0; 75.558; -5888.5; -138632.3; -195548.9; -488.6; -137309.2; -196279.0
2061.0; 75.658; -5892.7; -130105.0; -183476.7; -492.5; -128674.1; -184209.5
2064.0; 75.759; -5899.5; -115366.3; -162651.9; -498.6; -113677.5; -163388.8
2067.0; 75.859; -5909.3; -81508.1; -114911.3; -507.6; -80274.4; -115653.5
2070.0; 75.960; -2461.9; 107.8; -3324.8; 1823.1; -274.6; -2600.8
2073.0; 76.059; -5879.6; -631414.1; -895582.3; -480.8; -635078.6; -896307.7
2076.0; 76.159; -5876.2; -266459.9; -380948.5; -477.7; 266619.3; -381672.4
2079.0; 76.259; -5873.7; 147482.4; -205763.1; -475.6; 142909.5; -206486.0
2082.0; 76.358; -5875.9; 119265.7; -166899.6; -477.7; 116037.9; -167623.6
2085.0; 76.458; -5876.5; 126158.7; -177158.6; -478.2; 123684.0; -177882.9
2088.0; 76.558; -5878.0; 134800.3; -189669.4; -479.5; 132794.1; -190394.5
2091.0; 76.658; -5880.7; 139893.5; -197130.3; -481.9; 138303.0; -197857.2
2094.0; 76.758; -5885.1; 142366.8; -201067.3; -485.9; 141445.5; -201797.2
2097.0; 76.859; -5892.6; 143173.4; -203005.7; -492.5; 143419.9; -203740.6
2100.0; 76.960; -5904.9; 142960.9; -203970.7; -503.5; 145004.6; -204713.7
2103.0; 77.063; -5923.8; 141900.0; -204224.4; -520.4; 146362.4; -204979.7
2106.0; 77.168; -5950.1; 139698.9; -203275.0; -544.0; 147539.8; -204047.7
2109.0; 77.276; -6014.1; 143438.2; -209625.5; -601.4; -143670.1; -210436.1
2112.0; 77.388; -6048.3; -144990.3; -201363.3; -632.5; -139294.7; -202198.8
2115.0; 77.507; -6143.8; -250888.2; -200280.3; -717.7; -157229.6; -201170.5
2118.0; 77.632; -6306.2; -547664.3; -198705.0; -862.9; -414061.3; -199680.9
2121.0; 77.763; -6491.0; -849348.9; -195273.1; -1030.1; -694875.3; -196343.6
2124.0; 77.898; -6643.7; -1081526.3; -191869.5; -1154.1; -948252.9; -193012.0
2127.0; 78.028; -6898.0; -1201740.2; -188408.5; -1390.9; -1117805.7; -189680.7
2130.0; 78.171; -6753.3; -1224592.0; -184307.3; -1267.3; -1181672.4; -185494.7
2133.0; 78.295; -3657.8; -1212209.0; -183600.7; 1538.5; -1213607.5; -183298.9
2136.0; 78.418; -9534.8; -1271905.1; -191125.6; -3785.8; -1313409.1; -193675.3
2139.0; 78.543; -9524.0; -1453506.7; -206711.6; -3778.1; -1511999.2; -209249.7
2142.0; 78.669; -9976.4; -1604791.8; -214768.0; -4197.4; -1657594.3; -217521.4
2145.0; 78.806; -6261.0; -1688777.5; -218076.1; -809.3; -1689317.8; -219046.5
2148.0; 78.954; -5834.0; -1657212.0; -216814.4; -440.9; -1614092.0; -217579.8
2151.0; 79.099; -6455.0; -1480464.8; -213167.0; -980.1; -1394943.9; -214211.1
2154.0; 79.222; -6246.7; -1103907.1; -208455.5; -764.0; -1004521.5; -209366.7
2157.0; 79.331; -6104.9; -521772.0; -206053.6; -677.3; -476846.6; -206902.8
2160.0; 79.441; -6094.3; -140128.6; -198665.7; -673.9; -141173.4; -199521.7
2163.0; 79.558; -6193.9; 286717.9; -196083.7; -763.6; 165258.7; -196998.3
2166.0; 79.683; -6375.6; 674113.8; -198491.3; -925.4; 521368.0; -199500.6
2169.0; 79.814; -6539.3; 911595.6; -199112.7; -1073.2; 759450.7; -200206.1
2172.0; 79.949; -6652.4; 1049613.7; -199921.1; -1169.7; 907227.2; -201070.6
2175.0; 80.089; -6713.6; 1129539.9; -201173.4; -1220.4; 994620.2; -202352.4
2178.0; 80.229; -6732.3; 1169986.7; -202216.0; -1232.7; 1038697.1; -203402.6
2181.0; 80.369; -6719.1; 1179652.4; -202877.5; -1218.4; 1048995.3; -204055.3
2184.0; 80.505; -6679.6; 1161196.0; -203359.6; -1182.9; 1029433.3; -204514.9
2187.0; 80.636; -6612.9; 1112556.4; -203918.3; -1125.3; 979526.0; -205036.3
2190.0; 80.760; -6515.5; 1030028.0; -204720.6; -1041.8; 897667.3; -205783.8
2193.0; 80.876; -6389.4; 910116.9; -205484.3; -933.3; 782665.3; -206476.0
2196.0; 80.984; -6247.5; 755085.5; -205870.3; -809.5; 639562.9; -206781.7
2199.0; 81.086; -6117.3; 577787.1; -206107.4; -693.7; 481930.1; -206946.5
2202.0; 81.183; -6021.2; 397554.8; -206393.6; -607.6; 325642.9; -207181.7
2205.0; 81.280; -5962.0; 229927.1; -206837.8; -554.5; 178781.0; -207596.7
2208.0; 81.377; -5929.9; 146816.0; -207299.3; -525.7; 146548.1; -208043.9
2211.0; 81.474; -5913.6; 147315.3; -207532.2; -511.0; 145945.8; -208270.4
2214.0; 81.572; -5902.8; 147012.8; -207087.4; -501.3; 145405.5; -207821.6
2217.0; 81.671; -5894.3; 144541.6; -203728.6; -493.7; 143508.9; -204459.5
2220.0; 81.770; -5888.4; -161874.0; -229881.0; -488.3; -162533.9; -230609.7
2223.0; 81.869; -5889.2; -58153.5; -83214.5; -488.9; -58482.9; -83943.8
2226.0; 81.968; -5881.2; -103777.0; -147685.7; -481.9; -104211.4; -148411.4
2229.0; 82.068; -5880.0; -124486.1; -176789.0; -480.8; -124855.6; -177514.3
2232.0; 82.167; -5881.3; -131974.1; -187215.0; -482.0; -132168.6; -187941.3
2235.0; 82.267; -5884.0; -133353.3; -189062.9; -484.5; -133410.3; -189791.1
2238.0; 82.367; -5888.9; -130849.5; -185479.9; -488.9; -130823.6; -186211.4
2241.0; 82.468; -5897.5; -124110.0; -175957.5; -496.6; -124029.5; -176694.8
2244.0; 82.570; -5912.5; -110403.7; -156622.9; -510.1; -110193.7; -157369.9
2247.0; 82.673; -5949.2; -83270.4; -118271.4; -543.2; -77330.0; -119039.5
2250.0; 82.777; -6084.9; -27892.6; -40001.0; -669.0; -26723.0; -40837.1
2253.0; 82.883; -5908.2; -84958.4; 122194.5; -506.0; -84670.9; 121442.4
2256.0; 82.990; -5960.5; -321295.6; 456073.2; -553.2; -322175.1; 455292.7
2259.0; 83.099; -6031.3; -755451.4; 1070230.9; -616.7; -757155.0; 1069413.0
2262.0; 83.203; -6066.6; -15393107.1; 2558245.9; -648.3; -9022300.1; 2557433.3
2265.0; 83.299; -6023.1; 6917141.5; 2447610.8; -609.3; 1727679.5; 2446826.8
2268.0; 83.394; -5978.2; -197166.0; -281347.1; -569.1; -200756.7; -282113.7
2271.0; 83.491; -5951.8; -645529.8; -915642.9; -545.5; 646159.8; -916400.9
2274.0; 83.590; -5935.5; 617728.4; -871096.1; -530.9; -618215.6; -871850.2
2277.0; 83.691; -5943.8; -515466.1; -732263.5; -538.3; 516096.5; -733026.4
2280.0; 83.794; -5964.0; 611856.2; -861422.5; -556.5; -612310.5; -862200.9
2283.0; 83.902; -6018.5; -940507.7; -1337230.6; -605.4; 941213.8; -1338042.8
2286.0; 84.014; -6101.1; 852416.7; -1196643.2; -679.5; 840483.1; -1197504.4
2289.0; 84.134; -6222.5; 712777.7; -997277.3; -788.3; -712763.6; -998206.8
2292.0; 84.274; -6054.3; 178725821.5; -6582685.2; -637.4; 133169755.9; -6583546.3
2295.0; 84.435; -5989.8; 39944989.5; -7935668.7; -579.6; 35049370.5; -7936509.1
2298.0; 84.605; -6053.0; 97148339.2; -5511900.6; -636.1; 81398953.2; -5512783.7
2301.0; 84.763; -6068.8; 7916408.3; -5946176.7; -650.1; 7459366.3; -5947008.5
2304.0; 84.871; -6020.5; 1744689.0; -2356008.3; -607.1; 1670185.4; -2356819.5
2307.0; 84.972; -6036.7; 3461191.0; -4894565.1; -621.6; 8797347.5; -4895360.6
2310.0; 85.069; -6000.6; -5092888.2; -3190349.3; -589.2; -2253177.8; -3191130.2
2313.0; 85.167; -5984.2; 898136.3; -1271421.4; -574.6; 900141.9; -1272198.4
2316.0; 85.264; -5974.7; -3460439.2; -4848497.3; -566.0; -14763912.8; -4849257.0
2319.0; 85.362; -5929.6; 29592309.4; -7878767.6; -525.7; 5572463.4; -7879516.7
2322.0; 85.461; -5901.6; -1826506.6; -2586959.9; -500.5; 1827270.0; -2587694.7
2325.0; 85.560; -5895.7; 923684.1; -1298318.2; -495.2; 916049.1; -1299051.6
2328.0; 85.660; -5898.6; 637709.3; -899439.7; -497.8; 634113.5; -900176.7
